nobility@nobility.com.tw,123
taling@taling.com.tw,123
jpcool@jpcool.com,abc123
bontech@bontech.com.tw,265970
mail@mail.anco.com.tw,a480403
imtec@imtec.com.tw,leon11
apexcorp@apexcorp.com.tw,apex68
angleton@angleton.com.tw,empires
eastek@eastek.com.tw,3568381
unicomes@unicomes.com.tw,3838
fijittro@fijittro.org.tw,123456
naycherng@naycherng.com.tw,123
bodywave@bodywave.com.tw,body31
maistek@maistek.com.tw,audrey
edg@edg.com.tw,edgfafafa
gfktwn@gfktwn.com.tw,field
enrichmusic@enrichmusic.com.tw,vivian
sinwa@sinwa.com.tw,abc123
5a@5a.com.tw,06116066
yuisheng@yuisheng.com.tw,m4vupdkru4
anco@anco.com.tw,123
exartech@exartech.com.tw,8x3t5k7i
burnstewart@burnstewart.com.tw,recover
tw-tpi@tw-tpi.com.tw,1314
pact@pact.com.tw,570124
prime@prime.com.tw,ntw2325
scopewell@scopewell.com.tw,yitdye1
magnet@magnet.com.tw,mag8813
cherting@cherting.com.tw,23445814
goldenco@goldenco.com.tw,86277737
infotec@infotec.com.tw,alice168
sableinc@sableinc.com.tw,123
citycase@citycase.com.tw,1688
foodnews@foodnews.com.tw,foodnews
skysis@skysis.com.tw,560303
teppro@teppro.com.tw,1013
pro-technology@pro-technology.com.tw,5003
penmotors@penmotors.com.tw,missetup
sentravel@sentravel.com.tw,Usit1986
clia@clia.com.tw,abc123
mail@mail.howard.com.tw,howa8446
gianteec@gianteec.com.tw,97268171
vos@vos.org.tw,vos0099
bridgeone@bridgeone.net,asd123
toplulu@toplulu.net,zxy
fins@fins.com.tw,abc123
ethome@ethome.net,ethome@apol
surtecpm@surtecpm.com.tw,123abc
rcsacorp@rcsacorp.com.tw,a8715337
fabiatech@fabiatech.com,FabIATech031103
photocake@photocake.com.tw,photocake
asiagen@asiagen.com.tw,asiagen
mail@mail.mediatea.com,abcdef
continental-link@continental-link.com.tw,cl4010
taiwan-leader@taiwan-leader.com,leader
yotek@yotek.com.tw,0920334239
borica@borica.com.tw,7331
cmax@cmax.com.tw,alex5793
nistem@nistem.com.tw,nistem1
xiertek@xiertek.com.tw,34327589
lawtw@lawtw.net,49695018hc493zxc
smoothtour@smoothtour.com.tw,smooth
webwatch@webwatch.com.tw,630202jk
comweal@comweal.com.tw,5168
accesspro@accesspro.com.tw,leolee
cleantec@cleantec.com.tw,16502021
cypac@cypac.com.tw,cypac5793
liu-law@liu-law.com.tw,liu0810
femar-am@femar-am.com,brucelaistop
solidlite@solidlite.com,sl0518
hsinyu@hsinyu.com.tw,hy2396
iptec@iptec.com.tw,82262360
mail@mail.joupo.com,92022451
aped@aped.com.tw,aped2396
highpull@highpull.com.tw,27942570
regis-tech@regis-tech.com,abc123
majestic-pets@majestic-pets.com,ted3ann
hs-tech@hs-tech.com.tw,5551509
caitian@caitian.com.tw,abc123
bella-hope@bella-hope.com.tw,0000
astrodyne@astrodyne.com.tw,TINA0222
sencun@sencun.com.tw,brucelaistop
hontek-tw@hontek-tw.com.tw,HONTEK-TW
fortex@fortex.com.tw,3106
bossernet@bossernet.com,5368
vaxcel@vaxcel.com.tw,1946
sevenstar@sevenstar.com.tw,87120808
heliopolis@heliopolis.com.tw,13093369
inkcom@inkcom.com.tw,inkcom
sowan@sowan.com.tw,123qwe
inktec@inktec.com.tw,inktec
zeninc@zeninc.com.tw,0629
taipeicapital@taipeicapital.com.tw,capital
click-animation@click-animation.com,27610356
workmen@workmen.com.tw,cucacaa7
ai-kang@ai-kang.com.tw,11111111
e-castle@e-castle.cc,abc123
stanley-tpe@stanley-tpe.com.tw,stanley
pnm@pnm.com.tw,pnm989
konlin@konlin.com.tw,administrator
starview@starview.com.tw,0815
acgf@acgf.org.tw,ac0927gf
bigdoor@bigdoor.cc,bigdoor
heli-ocean@heli-ocean.com.tw,alexl
evitak@evitak.cc,brucelaistop
romax@romax.com.tw,abc123
sembatw@sembatw.com.tw,sembatw
x-fragrance@x-fragrance.com.tw,12030419
powerfarm@powerfarm.com.tw,powerfarm
mittour@mittour.com.tw,brucelaistop
schmid-taiwan@schmid-taiwan.com,0128
famouship@famouship.com.tw,7218
breita@breita.com.tw,ming0103
ruody@ruody.com.tw,RUODY
er-opto@er-opto.com,80089104
pencoal@pencoal.com.tw,coalsetup
law100@law100.com.tw,law100
easternfashions@easternfashions.com.tw,0803
bridging@bridging.com.tw,12950700
ocarol@ocarol.com.tw,ocarol
hilltop@hilltop.com.tw,ht97292524
ctcba@ctcba.org.tw,25159937
micro-view@micro-view.com.tw,1223
whitehorse@whitehorse.com.tw,abc123
george-tech@george-tech.com.tw,1007
power-tech@power-tech.biz,habakkuk
777@777.com.tw,infomall
deeu@deeu.com.tw,12873423
agis-aweca@agis-aweca.com.tw,abc123
melodytech@melodytech.com,464893
top-player@top-player.com.tw,181206
penku@penku.com.tw,6675
acceleratedtechnology@acceleratedtechnology.com.tw,8x3t5k7i
justherb@justherb.com.tw,7658
goodlcd@goodlcd.com.tw,gb281209
vietnamairlines@vietnamairlines.com.tw,1234
ite-corp@ite-corp.com,6005990
de-consult@de-consult.com.tw,deconsult
ctba@ctba.org.tw,ctba2002
jackiesunny@jackiesunny.com.tw,567498
envinex@envinex.com.tw,16146797
rsam@rsam.com.tw,0022
hitechs@hitechs.com.tw,22033666
ztek@ztek.com.tw,2lgiloal
ptahdesign@ptahdesign.com.tw,mm0817
genechannel@genechannel.com,27091560
kdi@kdi.com.tw,mitchell
fabric999-hsh@fabric999-hsh.com,888888
omniservice@omniservice.com.tw,wilma
tronlink@tronlink.com.tw,t22051538
lianyivi@lianyivi.com.tw,6325
gppc@gppc.com.tw,gppcmis
keewah@keewah.com.tw,kelly888888
lma@lma.com.tw,lma
shred-et@shred-et.com,5368
winaccord@winaccord.com.tw,yen320
diecasting@diecasting.com.tw,8890
focuslight@focuslight.com,flt
e-fss@e-fss.org,1788
vang@vang.com.tw,8721
plusin@plusin.com,plusin6000
fsk2002@fsk2002.com.tw,021002
jiannder@jiannder.com.tw,JD
relaxt@relaxt.com.tw,21102110
zchao@zchao.com.tw,vq9627
catc@catc.com.tw,123zxc
hydra@hydra.com.tw,27585298
kuokwang@kuokwang.com.tw,abc123
s-channel@s-channel.com.tw,anchor
eastern-unicorn@eastern-unicorn.com,25169330
crowneplaza-taipei@crowneplaza-taipei.com,1106
taiwaninfo@taiwaninfo.com.tw,brucelaistop
silversilk@silversilk.com.tw,80550548
avacavac@avacavac.com.tw,abc456
lavita@lavita.com.tw,lavita0896
orzmail@orzmail.idv.tw,orzmailorzmail
suntex89@suntex89.com,229220
mtrend@mtrend.com.tw,mediatrend
seyen@seyen.com.tw,vivian
vantectw@vantectw.com,123456
counterpoint@counterpoint.com.tw,apple811
tronstar@tronstar.com.tw,tronstar
neostones@neostones.com.tw,wer93der
wcorp@wcorp.net,960310chan
samson-metal@samson-metal.com.tw,abc123
wensong@wensong.com.tw,jeanpaul0042
fapro@fapro.com.tw,fapro1399
bbqtp@bbqtp.com.tw,abc123
lhccpa@lhccpa.com.tw,0639
ri-pro@ri-pro.com,QQ147
jsicom@jsicom.com.tw,zxcv0725
sonostar@sonostar.com,sonostar
winstream@winstream.com.tw,abc123
carmen@carmen.com.tw,751022
behonest@behonest.com.tw,password
emman@emman.com.tw,emman123
jtonsys@jtonsys.com,demodemo
alphamoon@alphamoon.com.tw,27689766
hellodisc@hellodisc.com.tw,2500230
ferrite@ferrite.com.tw,passferriteword
ichu@ichu.com.tw,25080865
soezco@soezco.com.tw,29928
dorm@dorm.com.tw,dorm
yichia@yichia.com.tw,920306
aishih@aishih.com.tw,16957063
winshen@winshen.com.tw,0648162
fatec@fatec.com.tw,emily556086
tld@tld.com.tw,031466
hotpops@hotpops.com.tw,428
glorytech@glorytech.net,12644956
cashmere@cashmere.com.tw,abc123
ape@ape.net.tw,brucelaistop
yan-kuan@yan-kuan.com.tw,0953377722
expense-reduction@expense-reduction.com.tw,eramail
era-tw@era-tw.com,eramail
advancedcapital@advancedcapital.com.tw,acpe
eupl@eupl.com.tw,sn22365756
apbw@apbw.com,3377
galaxylighting@galaxylighting.com.tw,1946
northtech@northtech.com.tw,1946
elemtek@elemtek.com.tw,eagle
etake@etake.com.tw,bruce
ifmode@ifmode.com,25432001
livingpro@livingpro.com.tw,80516248
sunwayfood@sunwayfood.com.tw,admin193u,4
minwe@minwe.com.tw,93134134513
powerflow@powerflow.com.tw,640610
eid@eid.com.tw,410701
shinkin@shinkin.com.tw,joe501
fda2003@fda2003.com,wilson
steptek@steptek.com.tw,79982630
hpctaiwan@hpctaiwan.com,920908
collinselco@collinselco.com,25615858
flyking@flyking.com.tw,0428
burkle@burkle.com.tw,abc123
greenmagic@greenmagic.com.tw,0731
magtekcontrol@magtekcontrol.com.tw,magt12887743
winstron@winstron.com,25465825
solacorp@solacorp.com,kengi1234
iavx@iavx.com.tw,2goxroix
neomed@neomed.com.tw,22744856
worldwise@worldwise.com.tw,ronchiu0216
sunprogroup@sunprogroup.com.tw,3232
auslinx@auslinx.com.tw,9686
well@well.com.tw,we2002
skedu@skedu.com.tw,abc123
seponline@seponline.com.tw,0428
digi-king@digi-king.com.tw,55565858
nytaps@nytaps.com.tw,2192
newcd@newcd.com.tw,leaguemail
jiuhshin@jiuhshin.com,037874125
lobos@lobos.com.tw,45454545
victorylink@victorylink.com.tw,randp110
archinexus@archinexus.com,27343916
worldtech@worldtech.com.tw,ronchiu0216
lumbini@lumbini.com.tw,121677094
qman@qman.com.tw,g8ydaq3n
mega-force@mega-force.com.tw,557099
shine-tech@shine-tech.com.tw,t22051538
airblue@airblue.com.tw,brucelaistop
cenracing@cenracing.com.tw,rchobby
digihomewin@digihomewin.com.tw,guangxuan
trinusys@trinusys.com,n30ch1p
p-johnson@p-johnson.com.tw,55810558
wking@wking.com.tw,clchang
rstech@rstech.com.tw,mppeng
polarisbook@polarisbook.com,590118
