banny@5a.com.tw	banny_5a
daniel@5a.com.tw	daniel_5a
fion@5a.com.tw	fion_5a
howard@5a.com.tw	howard_5a
info@5a.com.tw	info_5a
jacky@5a.com.tw	jacky_5a
jason@5a.com.tw	jason_5a
paul@5a.com.tw	paul_5a
vic@5a.com.tw	vic_5a
bert@777.com.tw	bert_777
jeff@777.com.tw	jeff_777
king@777.com.tw	king_777
vicky@777.com.tw	vicky_777
vivian@777.com.tw	vivian_777
anil@acceleratedtechnology.com.tw	anil_acceleratedtechnology
beverly@acceleratedtechnology.com.tw	beverly_acceleratedtechnology
catherine@acceleratedtechnology.com.tw	catherine_acceleratedtechnology
colin@acceleratedtechnology.com.tw	colin_acceleratedtechnology
jack@acceleratedtechnology.com.tw	jack_acceleratedtechnology
james@acceleratedtechnology.com.tw	james_acceleratedtechnology
jameschen@acceleratedtechnology.com.tw	jameschen_acceleratedtechnology
support@acceleratedtechnology.com.tw	support_acceleratedtechnology
terry@acceleratedtechnology.com.tw	terry_acceleratedtechnology
ap@accesspro.com.tw	ap_accesspro
hou@accesspro.com.tw	hou_accesspro
info@accesspro.com.tw	info_accesspro
jerry@accesspro.com.tw	jerry_accesspro
leolee@accesspro.com.tw	leolee_accesspro
sales@accesspro.com.tw	sales_accesspro
service@accesspro.com.tw	service_accesspro
vivihsu@accesspro.com.tw	vivihsu_accesspro
ab3352@acgf.org.tw	ab3352_acgf
account@acgf.org.tw	account_acgf
anne@acgf.org.tw	anne_acgf
cecilia@acgf.org.tw	cecilia_acgf
chel@acgf.org.tw	chel_acgf
chiu-meiling@acgf.org.tw	chiu-meiling_acgf
christine@acgf.org.tw	christine_acgf
constance@acgf.org.tw	constance_acgf
cpl@acgf.org.tw	cpl_acgf
daphne@acgf.org.tw	daphne_acgf
edison@acgf.org.tw	edison_acgf
emma@acgf.org.tw	emma_acgf
eva@acgf.org.tw	eva_acgf
hsu@acgf.org.tw	hsu_acgf
ice-white@acgf.org.tw	ice-white_acgf
jack@acgf.org.tw	jack_acgf
jacklee@acgf.org.tw	jacklee_acgf
jen58@acgf.org.tw	jen58_acgf
jessie@acgf.org.tw	jessie_acgf
jpenguinz@acgf.org.tw	jpenguinz_acgf
judy@acgf.org.tw	judy_acgf
khs@acgf.org.tw	khs_acgf
kong@acgf.org.tw	kong_acgf
kuo@acgf.org.tw	kuo_acgf
lys@acgf.org.tw	lys_acgf
mail@acgf.org.tw	mail_acgf
may@acgf.org.tw	may_acgf
may870322@acgf.org.tw	may870322_acgf
mic@acgf.org.tw	mic_acgf
ming@acgf.org.tw	ming_acgf
oywc@acgf.org.tw	oywc_acgf
phone@acgf.org.tw	phone_acgf
plan@acgf.org.tw	plan_acgf
pung@acgf.org.tw	pung_acgf
s340710@acgf.org.tw	s340710_acgf
sam0903@acgf.org.tw	sam0903_acgf
sandychen@acgf.org.tw	sandychen_acgf
secret@acgf.org.tw	secret_acgf
service@acgf.org.tw	service_acgf
sherry@acgf.org.tw	sherry_acgf
tllee@acgf.org.tw	tllee_acgf
tom@acgf.org.tw	tom_acgf
vivi@acgf.org.tw	vivi_acgf
w211@acgf.org.tw	w211_acgf
walter@acgf.org.tw	walter_acgf
william@acgf.org.tw	william_acgf
yao@acgf.org.tw	yao_acgf
yeh@acgf.org.tw	yeh_acgf
yukai@acgf.org.tw	yukai_acgf
kenny@advancedcapital.com.tw	kenny_advancedcapital
maggie@advancedcapital.com.tw	maggie_advancedcapital
meiling.wei@advancedcapital.com.tw	meiling.wei_advancedcapital
stanley@advancedcapital.com.tw	stanley_advancedcapital
icome@ai-kang.com.tw	icome_ai-kang
thomas@ai-kang.com.tw	thomas_ai-kang
service@aishih.com.tw	service_aishih
china@alphamoon.com.tw	china_alphamoon
christina@alphamoon.com.tw	christina_alphamoon
customer@alphamoon.com.tw	customer_alphamoon
fanny@alphamoon.com.tw	fanny_alphamoon
human@alphamoon.com.tw	human_alphamoon
is@alphamoon.com.tw	is_alphamoon
jackie@alphamoon.com.tw	jackie_alphamoon
julian@alphamoon.com.tw	julian_alphamoon
marketing@alphamoon.com.tw	marketing_alphamoon
mirror@alphamoon.com.tw	mirror_alphamoon
peter@alphamoon.com.tw	peter_alphamoon
propagation@alphamoon.com.tw	propagation_alphamoon
service@alphamoon.com.tw	service_alphamoon
alex@anco.com.tw	alex_anco
allan@anco.com.tw	allan_anco
ancord@anco.com.tw	ancord_anco
bang@anco.com.tw	bang_anco
beijing@anco.com.tw	beijing_anco
caommnn@anco.com.tw	caommnn_anco
city@anco.com.tw	city_anco
eric@anco.com.tw	eric_anco
grace@anco.com.tw	grace_anco
jodie@anco.com.tw	jodie_anco
levi@anco.com.tw	levi_anco
michael@anco.com.tw	michael_anco
qin@anco.com.tw	qin_anco
rich@anco.com.tw	rich_anco
sales@anco.com.tw	sales_anco
support@anco.com.tw	support_anco
ted@anco.com.tw	ted_anco
tony@anco.com.tw	tony_anco
alumi_lu@angleton.com.tw	alumi_lu_angleton
dick_du@angleton.com.tw	dick_du_angleton
edward_ko@angleton.com.tw	edward_ko_angleton
eric_huang@angleton.com.tw	eric_huang_angleton
frank_wu@angleton.com.tw	frank_wu_angleton
jack_hu@angleton.com.tw	jack_hu_angleton
leopard_yang@angleton.com.tw	leopard_yang_angleton
linux_sung@angleton.com.tw	linux_sung_angleton
lisa_hsu@angleton.com.tw	lisa_hsu_angleton
monica_chen@angleton.com.tw	monica_chen_angleton
patricia_kao@angleton.com.tw	patricia_kao_angleton
robin_huang@angleton.com.tw	robin_huang_angleton
wenhung_chen@angleton.com.tw	wenhung_chen_angleton
william_lan@angleton.com.tw	william_lan_angleton
winner_lin@angleton.com.tw	winner_lin_angleton
ec_service@apbw.com	ec_service_apbw
epaper@apbw.com	epaper_apbw
service@apbw.com	service_apbw
chuckchang@aped.com.tw	chuckchang_aped
liangchang@aped.com.tw	liangchang_aped
apex@apexcorp.com.tw	apex_apexcorp
harmony@apexcorp.com.tw	harmony_apexcorp
lucia@apexcorp.com.tw	lucia_apexcorp
sherry@apexcorp.com.tw	sherry_apexcorp
an@archinexus.com	an_archinexus
deland@archinexus.com	deland_archinexus
moon@archinexus.com	moon_archinexus
richard@archinexus.com	richard_archinexus
sueping@archinexus.com	sueping_archinexus
tailai@archinexus.com	tailai_archinexus
celine@asiagen.com.tw	celine_asiagen
chang_jiun_li@asiagen.com.tw	chang_jiun_li_asiagen
chiayin@asiagen.com.tw	chiayin_asiagen
choucs@asiagen.com.tw	choucs_asiagen
dwa@asiagen.com.tw	dwa_asiagen
ginnlung@asiagen.com.tw	ginnlung_asiagen
hsungchi@asiagen.com.tw	hsungchi_asiagen
john@asiagen.com.tw	john_asiagen
johnson@asiagen.com.tw	johnson_asiagen
lili@asiagen.com.tw	lili_asiagen
lin@asiagen.com.tw	lin_asiagen
linda@asiagen.com.tw	linda_asiagen
mouse@asiagen.com.tw	mouse_asiagen
nichin@asiagen.com.tw	nichin_asiagen
rogerwu@asiagen.com.tw	rogerwu_asiagen
s39105008@asiagen.com.tw	s39105008_asiagen
shuhui@asiagen.com.tw	shuhui_asiagen
shuzhen6853@asiagen.com.tw	shuzhen6853_asiagen
sunny@asiagen.com.tw	sunny_asiagen
tkwu@asiagen.com.tw	tkwu_asiagen
tony@asiagen.com.tw	tony_asiagen
vinc@asiagen.com.tw	vinc_asiagen
yenling@asiagen.com.tw	yenling_asiagen
ying@asiagen.com.tw	ying_asiagen
yufon@asiagen.com.tw	yufon_asiagen
0302@astrodyne.com.tw	0302_astrodyne
0802@astrodyne.com.tw	0802_astrodyne
1202@astrodyne.com.tw	1202_astrodyne
andy@astrodyne.com.tw	andy_astrodyne
angel@astrodyne.com.tw	angel_astrodyne
anne@astrodyne.com.tw	anne_astrodyne
catalog@astrodyne.com.tw	catalog_astrodyne
emy@astrodyne.com.tw	emy_astrodyne
erica@astrodyne.com.tw	erica_astrodyne
erison@astrodyne.com.tw	erison_astrodyne
gina@astrodyne.com.tw	gina_astrodyne
greg@astrodyne.com.tw	greg_astrodyne
henry@astrodyne.com.tw	henry_astrodyne
james@astrodyne.com.tw	james_astrodyne
joan@astrodyne.com.tw	joan_astrodyne
kitty@astrodyne.com.tw	kitty_astrodyne
marketing@astrodyne.com.tw	marketing_astrodyne
meilin@astrodyne.com.tw	meilin_astrodyne
micky@astrodyne.com.tw	micky_astrodyne
nick@astrodyne.com.tw	nick_astrodyne
nina@astrodyne.com.tw	nina_astrodyne
peter@astrodyne.com.tw	peter_astrodyne
quotes@astrodyne.com.tw	quotes_astrodyne
sales@astrodyne.com.tw	sales_astrodyne
sam@astrodyne.com.tw	sam_astrodyne
star@astrodyne.com.tw	star_astrodyne
tech@astrodyne.com.tw	tech_astrodyne
ted@astrodyne.com.tw	ted_astrodyne
tien@astrodyne.com.tw	tien_astrodyne
toni@astrodyne.com.tw	toni_astrodyne
vickyro@astrodyne.com.tw	vickyro_astrodyne
wanyun@astrodyne.com.tw	wanyun_astrodyne
webmaster@astrodyne.com.tw	webmaster_astrodyne
alex@auslinx.com.tw	alex_auslinx
artwu@auslinx.com.tw	artwu_auslinx
cindia@auslinx.com.tw	cindia_auslinx
jackyeh@auslinx.com.tw	jackyeh_auslinx
katherine@auslinx.com.tw	katherine_auslinx
linda@auslinx.com.tw	linda_auslinx
louisliao@auslinx.com.tw	louisliao_auslinx
luna@auslinx.com.tw	luna_auslinx
sales@auslinx.com.tw	sales_auslinx
sherry@auslinx.com.tw	sherry_auslinx
vitachen@auslinx.com.tw	vitachen_auslinx
alex@avacavac.com.tw	alex_avacavac
boss@avacavac.com.tw	boss_avacavac
crc@avacavac.com.tw	crc_avacavac
ivy@avacavac.com.tw	ivy_avacavac
jean@avacavac.com.tw	jean_avacavac
jungle@avacavac.com.tw	jungle_avacavac
wen@avacavac.com.tw	wen_avacavac
bbqtp@bbqtp.com.tw	bbqtp_bbqtp
alen.huang@behonest.com.tw	alen.huang_behonest
blue@behonest.com.tw	blue_behonest
info@behonest.com.tw	info_behonest
matt@behonest.com.tw	matt_behonest
matthew@behonest.com.tw	matthew_behonest
polly@behonest.com.tw	polly_behonest
sale@behonest.com.tw	sale_behonest
tymou@behonest.com.tw	tymou_behonest
diana@bella-hope.com.tw	diana_bella-hope
hope@bella-hope.com.tw	hope_bella-hope
nora@bella-hope.com.tw	nora_bella-hope
service@bigdoor.cc	service_bigdoor
carol@bodywave.com.tw	carol_bodywave
elan@bodywave.com.tw	elan_bodywave
keela@bodywave.com.tw	keela_bodywave
martin@bodywave.com.tw	martin_bodywave
max@bodywave.com.tw	max_bodywave
miramar@bodywave.com.tw	miramar_bodywave
wayne@bodywave.com.tw	wayne_bodywave
chin@bontech.com.tw	chin_bontech
johnny_chiang@bontech.com.tw	johnny_chiang_bontech
lsm566@bontech.com.tw	lsm566_bontech
ming@bontech.com.tw	ming_bontech
neng_yao@bontech.com.tw	neng_yao_bontech
ou_yang@bontech.com.tw	ou_yang_bontech
sf_chiang@bontech.com.tw	sf_chiang_bontech
abby_ding@borica.com.tw	abby_ding_borica
ac@borica.com.tw	ac_borica
cathylu@borica.com.tw	cathylu_borica
cathy_lu@borica.com.tw	cathy_lu_borica
elenawen@borica.com.tw	elenawen_borica
freya_fu@borica.com.tw	freya_fu_borica
johnwen@borica.com.tw	johnwen_borica
kevintsuo@borica.com.tw	kevintsuo_borica
nathalie_chan@borica.com.tw	nathalie_chan_borica
postmaster@borica.com.tw	postmaster_borica
service@borica.com.tw	service_borica
spencer_hsieh@borica.com.tw	spencer_hsieh_borica
bosser@bossernet.com	bosser_bossernet
gina@bossernet.com	gina_bossernet
jingyi@bossernet.com	jingyi_bossernet
leo@bossernet.com	leo_bossernet
lily@bossernet.com	lily_bossernet
michael@bossernet.com	michael_bossernet
charliechen@breita.com.tw	charliechen_breita
jenniferhuang@breita.com.tw	jenniferhuang_breita
richard@breita.com.tw	richard_breita
service@breita.com.tw	service_breita
tomy@breita.com.tw	tomy_breita
warren@breita.com.tw	warren_breita
andy@bridgeone.net	andy_bridgeone
andy.weng@bridgeone.net	andy.weng_bridgeone
bob@bridgeone.net	bob_bridgeone
cindy@bridgeone.net	cindy_bridgeone
cliff@bridgeone.net	cliff_bridgeone
danny.hsiao@bridgeone.net	danny.hsiao_bridgeone
frank@bridgeone.net	frank_bridgeone
irene@bridgeone.net	irene_bridgeone
ivan@bridgeone.net	ivan_bridgeone
justine@bridgeone.net	justine_bridgeone
lily@bridgeone.net	lily_bridgeone
paulina@bridgeone.net	paulina_bridgeone
sean@bridgeone.net	sean_bridgeone
service@bridgeone.net	service_bridgeone
tammy@bridgeone.net	tammy_bridgeone
thales@bridgeone.net	thales_bridgeone
tim@bridgeone.net	tim_bridgeone
vincent@bridgeone.net	vincent_bridgeone
alec.yuan@bridging.com.tw	alec.yuan_bridging
barrywu@bridging.com.tw	barrywu_bridging
debbiechiu@bridging.com.tw	debbiechiu_bridging
jackchang@bridging.com.tw	jackchang_bridging
linda.chiu@bridging.com.tw	linda.chiu_bridging
service@bridging.com.tw	service_bridging
sunnie.wu@bridging.com.tw	sunnie.wu_bridging
thomas.chang@bridging.com.tw	thomas.chang_bridging
william.chang@bridging.com.tw	william.chang_bridging
candy@burkle.com.tw	candy_burkle
debby@burkle.com.tw	debby_burkle
elsa@burkle.com.tw	elsa_burkle
jimmy@burkle.com.tw	jimmy_burkle
mark@burkle.com.tw	mark_burkle
paul@burkle.com.tw	paul_burkle
phil@burkle.com.tw	phil_burkle
tim@burkle.com.tw	tim_burkle
achang@burnstewart.com.tw	achang_burnstewart
cliu@burnstewart.com.tw	cliu_burnstewart
lchou@burnstewart.com.tw	lchou_burnstewart
nlin@burnstewart.com.tw	nlin_burnstewart
rchen@burnstewart.com.tw	rchen_burnstewart
sales@burnstewart.com.tw	sales_burnstewart
sales-kao@burnstewart.com.tw	sales-kao_burnstewart
sales-tch@burnstewart.com.tw	sales-tch_burnstewart
sales-tpe@burnstewart.com.tw	sales-tpe_burnstewart
slu@burnstewart.com.tw	slu_burnstewart
jennifer@carmen.com.tw	jennifer_carmen
katy@carmen.com.tw	katy_carmen
olivekuo@carmen.com.tw	olivekuo_carmen
service@carmen.com.tw	service_carmen
steve@carmen.com.tw	steve_carmen
kcshiu@cashmere.com.tw	kcshiu_cashmere
msli@cashmere.com.tw	msli_cashmere
service@cashmere.com.tw	service_cashmere
syho@cashmere.com.tw	syho_cashmere
jacklai@catc.com.tw	jacklai_catc
project@catc.com.tw	project_catc
report@catc.com.tw	report_catc
teresawen@catc.com.tw	teresawen_catc
amber@cenracing.com.tw	amber_cenracing
chun-i@cenracing.com.tw	chun-i_cenracing
cyc@cenracing.com.tw	cyc_cenracing
feiwi@cenracing.com.tw	feiwi_cenracing
feng-ling@cenracing.com.tw	feng-ling_cenracing
henry@cenracing.com.tw	henry_cenracing
ivy@cenracing.com.tw	ivy_cenracing
jason@cenracing.com.tw	jason_cenracing
jiji@cenracing.com.tw	jiji_cenracing
kinggi@cenracing.com.tw	kinggi_cenracing
lhk@cenracing.com.tw	lhk_cenracing
ad123a@cherting.com.tw	ad123a_cherting
beaut67@cherting.com.tw	beaut67_cherting
coco.chiu@cherting.com.tw	coco.chiu_cherting
nico@cherting.com.tw	nico_cherting
rona_0311@cherting.com.tw	rona_0311_cherting
service@cherting.com.tw	service_cherting
ada@citycase.com.tw	ada_citycase
angel@citycase.com.tw	angel_citycase
black@citycase.com.tw	black_citycase
carol@citycase.com.tw	carol_citycase
cathy@citycase.com.tw	cathy_citycase
cheng@citycase.com.tw	cheng_citycase
chien@citycase.com.tw	chien_citycase
d29014241@citycase.com.tw	d29014241_citycase
doris@citycase.com.tw	doris_citycase
jack@citycase.com.tw	jack_citycase
jacky@citycase.com.tw	jacky_citycase
jimmy@citycase.com.tw	jimmy_citycase
juju@citycase.com.tw	juju_citycase
kate@citycase.com.tw	kate_citycase
kent@citycase.com.tw	kent_citycase
king@citycase.com.tw	king_citycase
macgyver@citycase.com.tw	macgyver_citycase
monica@citycase.com.tw	monica_citycase
queeny@citycase.com.tw	queeny_citycase
rd@citycase.com.tw	rd_citycase
sales@citycase.com.tw	sales_citycase
sunny@citycase.com.tw	sunny_citycase
tseng@citycase.com.tw	tseng_citycase
yi-ping@citycase.com.tw	yi-ping_citycase
alice@cleantec.com.tw	alice_cleantec
andy@cleantec.com.tw	andy_cleantec
grace@cleantec.com.tw	grace_cleantec
jush@cleantec.com.tw	jush_cleantec
kender@cleantec.com.tw	kender_cleantec
sales@cleantec.com.tw	sales_cleantec
service@cleantec.com.tw	service_cleantec
terence@cleantec.com.tw	terence_cleantec
bright@click-animation.com	bright_click-animation
click.huang@click-animation.com	click.huang_click-animation
michelle@click-animation.com	michelle_click-animation
service@click-animation.com	service_click-animation
tony@click-animation.com	tony_click-animation
ayang@cmax.com.tw	ayang_cmax
christine@cmax.com.tw	christine_cmax
gyen@cmax.com.tw	gyen_cmax
jtsao@cmax.com.tw	jtsao_cmax
lance@cmax.com.tw	lance_cmax
nteng@cmax.com.tw	nteng_cmax
otto@cmax.com.tw	otto_cmax
psu@cmax.com.tw	psu_cmax
swu@cmax.com.tw	swu_cmax
vhuang@cmax.com.tw	vhuang_cmax
eugene@collinselco.com	eugene_collinselco
info@collinselco.com	info_collinselco
licky@collinselco.com	licky_collinselco
tina@collinselco.com	tina_collinselco
carrie@comweal.com.tw	carrie_comweal
frank@comweal.com.tw	frank_comweal
jean@comweal.com.tw	jean_comweal
vivi@comweal.com.tw	vivi_comweal
belle@continental-link.com.tw	belle_continental-link
danny@continental-link.com.tw	danny_continental-link
dennis@continental-link.com.tw	dennis_continental-link
kathy@continental-link.com.tw	kathy_continental-link
mendy@continental-link.com.tw	mendy_continental-link
tippi@continental-link.com.tw	tippi_continental-link
vivian@continental-link.com.tw	vivian_continental-link
meg@counterpoint.com.tw	meg_counterpoint
peggy@counterpoint.com.tw	peggy_counterpoint
sales@counterpoint.com.tw	sales_counterpoint
services@counterpoint.com.tw	services_counterpoint
f-b@crowneplaza-taipei.com	f-b_crowneplaza-taipei
food-rsvn@crowneplaza-taipei.com	food-rsvn_crowneplaza-taipei
gm@crowneplaza-taipei.com	gm_crowneplaza-taipei
hr@crowneplaza-taipei.com	hr_crowneplaza-taipei
laura.chen@crowneplaza-taipei.com	laura.chen_crowneplaza-taipei
marcom@crowneplaza-taipei.com	marcom_crowneplaza-taipei
pr@crowneplaza-taipei.com	pr_crowneplaza-taipei
rebar@crowneplaza-taipei.com	rebar_crowneplaza-taipei
room-rsvn@crowneplaza-taipei.com	room-rsvn_crowneplaza-taipei
sales@crowneplaza-taipei.com	sales_crowneplaza-taipei
sales2@crowneplaza-taipei.com	sales2_crowneplaza-taipei
sales3@crowneplaza-taipei.com	sales3_crowneplaza-taipei
sales5@crowneplaza-taipei.com	sales5_crowneplaza-taipei
salesovs@crowneplaza-taipei.com	salesovs_crowneplaza-taipei
tony.fang@crowneplaza-taipei.com	tony.fang_crowneplaza-taipei
ctba@ctba.org.tw	ctba_ctba
service@ctba.org.tw	service_ctba
chk@ctcba.org.tw	chk_ctcba
ctcba@ctcba.org.tw	ctcba_ctcba
editor@ctcba.org.tw	editor_ctcba
hlh@ctcba.org.tw	hlh_ctcba
hsnu749@ctcba.org.tw	hsnu749_ctcba
ibc@ctcba.org.tw	ibc_ctcba
jany@ctcba.org.tw	jany_ctcba
sandy@ctcba.org.tw	sandy_ctcba
alice@cypac.com.tw	alice_cypac
denny@cypac.com.tw	denny_cypac
jean@cypac.com.tw	jean_cypac
mintarja@cypac.com.tw	mintarja_cypac
peiching@cypac.com.tw	peiching_cypac
purple@cypac.com.tw	purple_cypac
reese@cypac.com.tw	reese_cypac
fareast@de-consult.com.tw	fareast_de-consult
lucaslee@de-consult.com.tw	lucaslee_de-consult
office@de-consult.com.tw	office_de-consult
deeu@deeu.com.tw	deeu_deeu
pamd@deeu.com.tw	pamd_deeu
ccm@diecasting.com.tw	ccm_diecasting
info@diecasting.com.tw	info_diecasting
james@diecasting.com.tw	james_diecasting
dking@digi-king.com.tw	dking_digi-king
eva@digi-king.com.tw	eva_digi-king
service@digi-king.com.tw	service_digi-king
taipei@digi-king.com.tw	taipei_digi-king
tina@digi-king.com.tw	tina_digi-king
afigo@digihomewin.com.tw	afigo_digihomewin
cleo@digihomewin.com.tw	cleo_digihomewin
digihomewin@digihomewin.com.tw	digihomewin_digihomewin
hsu@digihomewin.com.tw	hsu_digihomewin
joan@digihomewin.com.tw	joan_digihomewin
leo@digihomewin.com.tw	leo_digihomewin
man@digihomewin.com.tw	man_digihomewin
momo@digihomewin.com.tw	momo_digihomewin
nancy@digihomewin.com.tw	nancy_digihomewin
sony3838@digihomewin.com.tw	sony3838_digihomewin
sp6978@digihomewin.com.tw	sp6978_digihomewin
chiaoyi@dorm.com.tw	chiaoyi_dorm
derek@dorm.com.tw	derek_dorm
dorm@dorm.com.tw	dorm_dorm
samlu@dorm.com.tw	samlu_dorm
thales@dorm.com.tw	thales_dorm
goodheart@e-castle.cc	goodheart_e-castle
technical@e-castle.cc	technical_e-castle
service@e-fss.org	service_e-fss
alston@eastek.com.tw	alston_eastek
carlyang@eastek.com.tw	carlyang_eastek
daniellu@eastek.com.tw	daniellu_eastek
dennywu@eastek.com.tw	dennywu_eastek
eastek@eastek.com.tw	eastek_eastek
edhuang@eastek.com.tw	edhuang_eastek
evan@eastek.com.tw	evan_eastek
fancy@eastek.com.tw	fancy_eastek
jim@eastek.com.tw	jim_eastek
jimmy@eastek.com.tw	jimmy_eastek
joy@eastek.com.tw	joy_eastek
judy@eastek.com.tw	judy_eastek
kay@eastek.com.tw	kay_eastek
kevin@eastek.com.tw	kevin_eastek
lucy@eastek.com.tw	lucy_eastek
mike@eastek.com.tw	mike_eastek
mikechao@eastek.com.tw	mikechao_eastek
ming@eastek.com.tw	ming_eastek
scottlin@eastek.com.tw	scottlin_eastek
se.tech@eastek.com.tw	se.tech_eastek
sumer@eastek.com.tw	sumer_eastek
001@eastern-unicorn.com	001_eastern-unicorn
002@eastern-unicorn.com	002_eastern-unicorn
007@eastern-unicorn.com	007_eastern-unicorn
168@eastern-unicorn.com	168_eastern-unicorn
design@eastern-unicorn.com	design_eastern-unicorn
jasonlee@eastern-unicorn.com	jasonlee_eastern-unicorn
work@eastern-unicorn.com	work_eastern-unicorn
angel@easternfashions.com.tw	angel_easternfashions
ann@easternfashions.com.tw	ann_easternfashions
catheleen@easternfashions.com.tw	catheleen_easternfashions
cyberyeh@easternfashions.com.tw	cyberyeh_easternfashions
fion@easternfashions.com.tw	fion_easternfashions
fion-teng@easternfashions.com.tw	fion-teng_easternfashions
joan@easternfashions.com.tw	joan_easternfashions
julie@easternfashions.com.tw	julie_easternfashions
linda@easternfashions.com.tw	linda_easternfashions
sandra@easternfashions.com.tw	sandra_easternfashions
sarah@easternfashions.com.tw	sarah_easternfashions
steven@easternfashions.com.tw	steven_easternfashions
terry@easternfashions.com.tw	terry_easternfashions
tina@easternfashions.com.tw	tina_easternfashions
victoria@easternfashions.com.tw	victoria_easternfashions
vivian@easternfashions.com.tw	vivian_easternfashions
alan_yu@edg.com.tw	alan_yu_edg
alison_hsieh@edg.com.tw	alison_hsieh_edg
andrew_chen@edg.com.tw	andrew_chen_edg
cecily_chou@edg.com.tw	cecily_chou_edg
charlene_chung@edg.com.tw	charlene_chung_edg
christine_lee@edg.com.tw	christine_lee_edg
construction@edg.com.tw	construction_edg
desmand_chou@edg.com.tw	desmand_chou_edg
edg@edg.com.tw	edg_edg
emily_wang@edg.com.tw	emily_wang_edg
eunice_ma@edg.com.tw	eunice_ma_edg
evelyn_kuo@edg.com.tw	evelyn_kuo_edg
flora_chou@edg.com.tw	flora_chou_edg
jason_3t@edg.com.tw	jason_3t_edg
juilin_chang@edg.com.tw	juilin_chang_edg
kansin@edg.com.tw	kansin_edg
michael_huang@edg.com.tw	michael_huang_edg
paul_chen@edg.com.tw	paul_chen_edg
philip_hsieh@edg.com.tw	philip_hsieh_edg
vc_site@edg.com.tw	vc_site_edg
vc_tpe@edg.com.tw	vc_tpe_edg
vincent_ham@edg.com.tw	vincent_ham_edg
vincent_kao@edg.com.tw	vincent_kao_edg
chuang@eid.com.tw	chuang_eid
cjwu@eid.com.tw	cjwu_eid
cmchen@eid.com.tw	cmchen_eid
cylin@eid.com.tw	cylin_eid
jessielin@eid.com.tw	jessielin_eid
diana@elemtek.com.tw	diana_elemtek
eagle@elemtek.com.tw	eagle_elemtek
service@elemtek.com.tw	service_elemtek
tina@elemtek.com.tw	tina_elemtek
user5@elemtek.com.tw	user5_elemtek
user8@elemtek.com.tw	user8_elemtek
info@emman.com.tw	info_emman
liu@emman.com.tw	liu_emman
ming@emman.com.tw	ming_emman
patricia@emman.com.tw	patricia_emman
wang@emman.com.tw	wang_emman
adm@enrichmusic.com.tw	adm_enrichmusic
arvin@enrichmusic.com.tw	arvin_enrichmusic
dolby@enrichmusic.com.tw	dolby_enrichmusic
enrich@enrichmusic.com.tw	enrich_enrichmusic
jenny@enrichmusic.com.tw	jenny_enrichmusic
lian@enrichmusic.com.tw	lian_enrichmusic
mei-hua@enrichmusic.com.tw	mei-hua_enrichmusic
thomas@enrichmusic.com.tw	thomas_enrichmusic
vivian@enrichmusic.com.tw	vivian_enrichmusic
chad@envinex.com.tw	chad_envinex
sales@envinex.com.tw	sales_envinex
sarah@envinex.com.tw	sarah_envinex
stanley@envinex.com.tw	stanley_envinex
thomas@envinex.com.tw	thomas_envinex
charlene@er-opto.com	charlene_er-opto
david@er-opto.com	david_er-opto
jessie@er-opto.com	jessie_er-opto
kelvin@er-opto.com	kelvin_er-opto
kitty@er-opto.com	kitty_er-opto
ray@er-opto.com	ray_er-opto
snow@er-opto.com	snow_er-opto
stephen@er-opto.com	stephen_er-opto
tj_huang@er-opto.com	tj_huang_er-opto
tracy@er-opto.com	tracy_er-opto
vanessa@er-opto.com	vanessa_er-opto
cchen@era-tw.com	cchen_era-tw
clin@era-tw.com	clin_era-tw
cytang@era-tw.com	cytang_era-tw
dchen@era-tw.com	dchen_era-tw
era@era-tw.com	era_era-tw
fchu2@era-tw.com	fchu2_era-tw
hchen@era-tw.com	hchen_era-tw
ilee@era-tw.com	ilee_era-tw
isun@era-tw.com	isun_era-tw
jchuang@era-tw.com	jchuang_era-tw
jniu@era-tw.com	jniu_era-tw
mchien@era-tw.com	mchien_era-tw
myu@era-tw.com	myu_era-tw
public@era-tw.com	public_era-tw
pway@era-tw.com	pway_era-tw
shuang@era-tw.com	shuang_era-tw
swhuang@era-tw.com	swhuang_era-tw
sychuang@era-tw.com	sychuang_era-tw
tliu@era-tw.com	tliu_era-tw
tlu@era-tw.com	tlu_era-tw
wyeh@era-tw.com	wyeh_era-tw
yeh@era-tw.com	yeh_era-tw
andy@etake.com.tw	andy_etake
bill@etake.com.tw	bill_etake
bruce@etake.com.tw	bruce_etake
carol@etake.com.tw	carol_etake
dick@etake.com.tw	dick_etake
emily@etake.com.tw	emily_etake
eric@etake.com.tw	eric_etake
irene@etake.com.tw	irene_etake
jerry@etake.com.tw	jerry_etake
judy@etake.com.tw	judy_etake
leo@etake.com.tw	leo_etake
neil@etake.com.tw	neil_etake
peter@etake.com.tw	peter_etake
ray@etake.com.tw	ray_etake
wenny@etake.com.tw	wenny_etake
wesley@etake.com.tw	wesley_etake
admin@ethome.net	admin_ethome
alexhuang@eupl.com.tw	alexhuang_eupl
alexku@eupl.com.tw	alexku_eupl
amy@eupl.com.tw	amy_eupl
annru@eupl.com.tw	annru_eupl
eddics@eupl.com.tw	eddics_eupl
greg@eupl.com.tw	greg_eupl
info@eupl.com.tw	info_eupl
jacqueline@eupl.com.tw	jacqueline_eupl
jasonliu@eupl.com.tw	jasonliu_eupl
johnliu@eupl.com.tw	johnliu_eupl
kennyliu@eupl.com.tw	kennyliu_eupl
kim@eupl.com.tw	kim_eupl
linda@eupl.com.tw	linda_eupl
melody@eupl.com.tw	melody_eupl
rebeccayang@eupl.com.tw	rebeccayang_eupl
rogertang@eupl.com.tw	rogertang_eupl
sammy@eupl.com.tw	sammy_eupl
sandra@eupl.com.tw	sandra_eupl
tedfang@eupl.com.tw	tedfang_eupl
tonyhu@eupl.com.tw	tonyhu_eupl
viannchao@eupl.com.tw	viannchao_eupl
vincent@eupl.com.tw	vincent_eupl
wilsonyeh@eupl.com.tw	wilsonyeh_eupl
yaoyao@eupl.com.tw	yaoyao_eupl
ada@exartech.com.tw	ada_exartech
alfred@exartech.com.tw	alfred_exartech
amos@exartech.com.tw	amos_exartech
amy@exartech.com.tw	amy_exartech
andy@exartech.com.tw	andy_exartech
beverly@exartech.com.tw	beverly_exartech
charlene@exartech.com.tw	charlene_exartech
chechi@exartech.com.tw	chechi_exartech
davidh@exartech.com.tw	davidh_exartech
dennis@exartech.com.tw	dennis_exartech
george@exartech.com.tw	george_exartech
gordon@exartech.com.tw	gordon_exartech
grace@exartech.com.tw	grace_exartech
intl@exartech.com.tw	intl_exartech
jack@exartech.com.tw	jack_exartech
james@exartech.com.tw	james_exartech
jameschen@exartech.com.tw	jameschen_exartech
jennifer@exartech.com.tw	jennifer_exartech
jorin@exartech.com.tw	jorin_exartech
ken@exartech.com.tw	ken_exartech
lawrence@exartech.com.tw	lawrence_exartech
marco@exartech.com.tw	marco_exartech
may@exartech.com.tw	may_exartech
musician@exartech.com.tw	musician_exartech
senthil@exartech.com.tw	senthil_exartech
shawn@exartech.com.tw	shawn_exartech
support@exartech.com.tw	support_exartech
terry@exartech.com.tw	terry_exartech
tina@exartech.com.tw	tina_exartech
wayne@exartech.com.tw	wayne_exartech
yaona@exartech.com.tw	yaona_exartech
cchen@expense-reduction.com.tw	cchen_expense-reduction
mchien@expense-reduction.com.tw	mchien_expense-reduction
yeh@expense-reduction.com.tw	yeh_expense-reduction
abi_tsou@fabiatech.com	abi_tsou_fabiatech
adam_hsu@fabiatech.com	adam_hsu_fabiatech
angela_chang@fabiatech.com	angela_chang_fabiatech
bertha_lin@fabiatech.com	bertha_lin_fabiatech
betty_lien@fabiatech.com	betty_lien_fabiatech
bleak_liu@fabiatech.com	bleak_liu_fabiatech
bruce_wang@fabiatech.com	bruce_wang_fabiatech
celine@fabiatech.com	celine_fabiatech
char@fabiatech.com	char_fabiatech
claire_yeh@fabiatech.com	claire_yeh_fabiatech
eric_tasi@fabiatech.com	eric_tasi_fabiatech
eva_chang@fabiatech.com	eva_chang_fabiatech
evilse_hung@fabiatech.com	evilse_hung_fabiatech
fred_lin@fabiatech.com	fred_lin_fabiatech
gary_chen@fabiatech.com	gary_chen_fabiatech
info@fabiatech.com	info_fabiatech
info2005@fabiatech.com	info2005_fabiatech
ivy_chen@fabiatech.com	ivy_chen_fabiatech
jacky@fabiatech.com	jacky_fabiatech
james@fabiatech.com	james_fabiatech
jeanne_jheng@fabiatech.com	jeanne_jheng_fabiatech
jeffrey@fabiatech.com	jeffrey_fabiatech
jessica_chiang@fabiatech.com	jessica_chiang_fabiatech
kevin@fabiatech.com	kevin_fabiatech
kevinchang@fabiatech.com	kevinchang_fabiatech
maggie_shie@fabiatech.com	maggie_shie_fabiatech
may_hsueh@fabiatech.com	may_hsueh_fabiatech
morgan_lai@fabiatech.com	morgan_lai_fabiatech
nicole_chen@fabiatech.com	nicole_chen_fabiatech
pony@fabiatech.com	pony_fabiatech
ray@fabiatech.com	ray_fabiatech
ray_lin@fabiatech.com	ray_lin_fabiatech
rma@fabiatech.com	rma_fabiatech
sales@fabiatech.com	sales_fabiatech
sales2005@fabiatech.com	sales2005_fabiatech
sandy_wu@fabiatech.com	sandy_wu_fabiatech
sen_yu@fabiatech.com	sen_yu_fabiatech
support@fabiatech.com	support_fabiatech
todd@fabiatech.com	todd_fabiatech
victor_hsu@fabiatech.com	victor_hsu_fabiatech
sales@fabric999-hsh.com	sales_fabric999-hsh
famouship@famouship.com.tw	famouship_famouship
frank@famouship.com.tw	frank_famouship
maggie@famouship.com.tw	maggie_famouship
viola@famouship.com.tw	viola_famouship
chigo@fapro.com.tw	chigo_fapro
eric@fapro.com.tw	eric_fapro
kevin@fapro.com.tw	kevin_fapro
public@fapro.com.tw	public_fapro
qq@fatec.com.tw	qq_fatec
tom@fatec.com.tw	tom_fatec
contact@fda2003.com	contact_fda2003
a490903@ferrite.com.tw	a490903_ferrite
a530122@ferrite.com.tw	a530122_ferrite
aa8703@ferrite.com.tw	aa8703_ferrite
alumi127@ferrite.com.tw	alumi127_ferrite
amo@ferrite.com.tw	amo_ferrite
ange0227@ferrite.com.tw	ange0227_ferrite
angel1106@ferrite.com.tw	angel1106_ferrite
apple@ferrite.com.tw	apple_ferrite
candy@ferrite.com.tw	candy_ferrite
chihjang@ferrite.com.tw	chihjang_ferrite
cyliu@ferrite.com.tw	cyliu_ferrite
cynthia@ferrite.com.tw	cynthia_ferrite
fang@ferrite.com.tw	fang_ferrite
jackeytang@ferrite.com.tw	jackeytang_ferrite
jason@ferrite.com.tw	jason_ferrite
jc@ferrite.com.tw	jc_ferrite
jessie@ferrite.com.tw	jessie_ferrite
karen@ferrite.com.tw	karen_ferrite
l0428@ferrite.com.tw	l0428_ferrite
magnet@ferrite.com.tw	magnet_ferrite
only@ferrite.com.tw	only_ferrite
pin@ferrite.com.tw	pin_ferrite
racher@ferrite.com.tw	racher_ferrite
simon@ferrite.com.tw	simon_ferrite
sun@ferrite.com.tw	sun_ferrite
t3366@ferrite.com.tw	t3366_ferrite
vivi@ferrite.com.tw	vivi_ferrite
yang@ferrite.com.tw	yang_ferrite
aaron@fijittro.org.tw	aaron_fijittro
alex@fijittro.org.tw	alex_fijittro
james@fijittro.org.tw	james_fijittro
joyce@fijittro.org.tw	joyce_fijittro
julie@fijittro.org.tw	julie_fijittro
levani@fijittro.org.tw	levani_fijittro
sai@fijittro.org.tw	sai_fijittro
taina@fijittro.org.tw	taina_fijittro
cindy@flyking.com.tw	cindy_flyking
dino@flyking.com.tw	dino_flyking
emma@flyking.com.tw	emma_flyking
eva@flyking.com.tw	eva_flyking
jean@flyking.com.tw	jean_flyking
jennifer@flyking.com.tw	jennifer_flyking
karen@flyking.com.tw	karen_flyking
maggie@flyking.com.tw	maggie_flyking
max@flyking.com.tw	max_flyking
wade@flyking.com.tw	wade_flyking
acct@focuslight.com	acct_focuslight
amy@focuslight.com	amy_focuslight
asd123@focuslight.com	asd123_focuslight
bl@focuslight.com	bl_focuslight
doris@focuslight.com	doris_focuslight
fmeng@focuslight.com	fmeng_focuslight
gary@focuslight.com	gary_focuslight
jessica@focuslight.com	jessica_focuslight
joss@focuslight.com	joss_focuslight
kemin@focuslight.com	kemin_focuslight
lchen@focuslight.com	lchen_focuslight
lilia@focuslight.com	lilia_focuslight
qa@focuslight.com	qa_focuslight
rd@focuslight.com	rd_focuslight
sam-yeh@focuslight.com	sam-yeh_focuslight
sunney@focuslight.com	sunney_focuslight
uhp@focuslight.com	uhp_focuslight
yako@focuslight.com	yako_focuslight
art@foodnews.com.tw	art_foodnews
ching@foodnews.com.tw	ching_foodnews
julian@foodnews.com.tw	julian_foodnews
rouhlan@foodnews.com.tw	rouhlan_foodnews
susan.wang@foodnews.com.tw	susan.wang_foodnews
taffy@foodnews.com.tw	taffy_foodnews
vincent@foodnews.com.tw	vincent_foodnews
alex@fortex.com.tw	alex_fortex
ameko@fortex.com.tw	ameko_fortex
anchu@fortex.com.tw	anchu_fortex
andre@fortex.com.tw	andre_fortex
angel@fortex.com.tw	angel_fortex
athena@fortex.com.tw	athena_fortex
cam@fortex.com.tw	cam_fortex
connie@fortex.com.tw	connie_fortex
conrad@fortex.com.tw	conrad_fortex
csw@fortex.com.tw	csw_fortex
dianna@fortex.com.tw	dianna_fortex
finna@fortex.com.tw	finna_fortex
fortex@fortex.com.tw	fortex_fortex
gary@fortex.com.tw	gary_fortex
ian@fortex.com.tw	ian_fortex
iris@fortex.com.tw	iris_fortex
jane@fortex.com.tw	jane_fortex
jimmy@fortex.com.tw	jimmy_fortex
kelly@fortex.com.tw	kelly_fortex
kitty@fortex.com.tw	kitty_fortex
lady@fortex.com.tw	lady_fortex
lan@fortex.com.tw	lan_fortex
lei@fortex.com.tw	lei_fortex
lily@fortex.com.tw	lily_fortex
magda@fortex.com.tw	magda_fortex
meihua@fortex.com.tw	meihua_fortex
mike@fortex.com.tw	mike_fortex
pearl@fortex.com.tw	pearl_fortex
peng@fortex.com.tw	peng_fortex
rita@fortex.com.tw	rita_fortex
sandy@fortex.com.tw	sandy_fortex
shirley@fortex.com.tw	shirley_fortex
steven@fortex.com.tw	steven_fortex
sun@fortex.com.tw	sun_fortex
tom@fortex.com.tw	tom_fortex
young@fortex.com.tw	young_fortex
service@fsk2002.com.tw	service_fsk2002
service@galaxylighting.com.tw	service_galaxylighting
fiona.lin@genechannel.com	fiona.lin_genechannel
hsuchun.liu@genechannel.com	hsuchun.liu_genechannel
litien.lee@genechannel.com	litien.lee_genechannel
roger.ho@genechannel.com	roger.ho_genechannel
tina.fu@genechannel.com	tina.fu_genechannel
brad@george-tech.com.tw	brad_george-tech
connie@george-tech.com.tw	connie_george-tech
george@george-tech.com.tw	george_george-tech
james@george-tech.com.tw	james_george-tech
judy@george-tech.com.tw	judy_george-tech
mos@george-tech.com.tw	mos_george-tech
pole@george-tech.com.tw	pole_george-tech
tim@george-tech.com.tw	tim_george-tech
lydia@gfktwn.com.tw	lydia_gfktwn
market@gfktwn.com.tw	market_gfktwn
test@gfktwn.com.tw	test_gfktwn
emily@gianteec.com.tw	emily_gianteec
gianteec@gianteec.com.tw	gianteec_gianteec
kate@gianteec.com.tw	kate_gianteec
ping@gianteec.com.tw	ping_gianteec
tang@gianteec.com.tw	tang_gianteec
yin@gianteec.com.tw	yin_gianteec
clare@glorytech.net	clare_glorytech
davies@glorytech.net	davies_glorytech
jack@glorytech.net	jack_glorytech
lina@glorytech.net	lina_glorytech
service@glorytech.net	service_glorytech
vivian@glorytech.net	vivian_glorytech
goldenco@goldenco.com.tw	goldenco_goldenco
jessica@goldenco.com.tw	jessica_goldenco
joan@goldenco.com.tw	joan_goldenco
juliana@goldenco.com.tw	juliana_goldenco
mikechu@goldenco.com.tw	mikechu_goldenco
amitec@goodlcd.com.tw	amitec_goodlcd
amy@goodlcd.com.tw	amy_goodlcd
annie@goodlcd.com.tw	annie_goodlcd
chen@goodlcd.com.tw	chen_goodlcd
cloudia@goodlcd.com.tw	cloudia_goodlcd
enjoy@goodlcd.com.tw	enjoy_goodlcd
enjoya@goodlcd.com.tw	enjoya_goodlcd
ginger_lee@goodlcd.com.tw	ginger_lee_goodlcd
goodlcd@goodlcd.com.tw	goodlcd_goodlcd
jacky@goodlcd.com.tw	jacky_goodlcd
james_yao@goodlcd.com.tw	james_yao_goodlcd
joanne@goodlcd.com.tw	joanne_goodlcd
k.k@goodlcd.com.tw	k.k_goodlcd
mandy@goodlcd.com.tw	mandy_goodlcd
patrick@goodlcd.com.tw	patrick_goodlcd
pc@goodlcd.com.tw	pc_goodlcd
samson@goodlcd.com.tw	samson_goodlcd
sharon@goodlcd.com.tw	sharon_goodlcd
shelly@goodlcd.com.tw	shelly_goodlcd
sienna1999@goodlcd.com.tw	sienna1999_goodlcd
susan@goodlcd.com.tw	susan_goodlcd
tan@goodlcd.com.tw	tan_goodlcd
tiffany@goodlcd.com.tw	tiffany_goodlcd
uan@goodlcd.com.tw	uan_goodlcd
vicky@goodlcd.com.tw	vicky_goodlcd
willy@goodlcd.com.tw	willy_goodlcd
a801092@gppc.com.tw	a801092_gppc
a801097@gppc.com.tw	a801097_gppc
a801158@gppc.com.tw	a801158_gppc
a801407@gppc.com.tw	a801407_gppc
an@gppc.com.tw	an_gppc
angela@gppc.com.tw	angela_gppc
anteng@gppc.com.tw	anteng_gppc
ara1234@gppc.com.tw	ara1234_gppc
aslin@gppc.com.tw	aslin_gppc
austini@gppc.com.tw	austini_gppc
barly@gppc.com.tw	barly_gppc
bill_wang@gppc.com.tw	bill_wang_gppc
carol@gppc.com.tw	carol_gppc
cbhu@gppc.com.tw	cbhu_gppc
cc@gppc.com.tw	cc_gppc
ccwu@gppc.com.tw	ccwu_gppc
ccy@gppc.com.tw	ccy_gppc
changtp@gppc.com.tw	changtp_gppc
chao0412@gppc.com.tw	chao0412_gppc
chaotsungpin@gppc.com.tw	chaotsungpin_gppc
chen@gppc.com.tw	chen_gppc
chengjlake@gppc.com.tw	chengjlake_gppc
chenshinan@gppc.com.tw	chenshinan_gppc
chiah@gppc.com.tw	chiah_gppc
chiangmw@gppc.com.tw	chiangmw_gppc
chiangst@gppc.com.tw	chiangst_gppc
chihhou@gppc.com.tw	chihhou_gppc
chin@gppc.com.tw	chin_gppc
ching@gppc.com.tw	ching_gppc
chinle@gppc.com.tw	chinle_gppc
christine@gppc.com.tw	christine_gppc
chuanlu@gppc.com.tw	chuanlu_gppc
chungwc@gppc.com.tw	chungwc_gppc
cilin@gppc.com.tw	cilin_gppc
ckltina@gppc.com.tw	ckltina_gppc
clchang@gppc.com.tw	clchang_gppc
cllin@gppc.com.tw	cllin_gppc
clwu@gppc.com.tw	clwu_gppc
cmchou@gppc.com.tw	cmchou_gppc
cmfang@gppc.com.tw	cmfang_gppc
cpc@gppc.com.tw	cpc_gppc
cpchen@gppc.com.tw	cpchen_gppc
cws@gppc.com.tw	cws_gppc
daphne@gppc.com.tw	daphne_gppc
daweuy2@gppc.com.tw	daweuy2_gppc
edger@gppc.com.tw	edger_gppc
elvis@gppc.com.tw	elvis_gppc
fang@gppc.com.tw	fang_gppc
fanny@gppc.com.tw	fanny_gppc
felix_huang@gppc.com.tw	felix_huang_gppc
fion_hou@gppc.com.tw	fion_hou_gppc
fuhuatsao@gppc.com.tw	fuhuatsao_gppc
gary@gppc.com.tw	gary_gppc
gppc@gppc.com.tw	gppc_gppc
gppcsales@gppc.com.tw	gppcsales_gppc
guard@gppc.com.tw	guard_gppc
hcwu@gppc.com.tw	hcwu_gppc
her@gppc.com.tw	her_gppc
hfchiang@gppc.com.tw	hfchiang_gppc
ho@gppc.com.tw	ho_gppc
hong@gppc.com.tw	hong_gppc
hrm@gppc.com.tw	hrm_gppc
hsieh@gppc.com.tw	hsieh_gppc
hsieh938@gppc.com.tw	hsieh938_gppc
hsiu_ying@gppc.com.tw	hsiu_ying_gppc
hstuan@gppc.com.tw	hstuan_gppc
hsueh@gppc.com.tw	hsueh_gppc
hsumingchao@gppc.com.tw	hsumingchao_gppc
huei@gppc.com.tw	huei_gppc
jcliang@gppc.com.tw	jcliang_gppc
jean@gppc.com.tw	jean_gppc
jeng866@gppc.com.tw	jeng866_gppc
jennifer@gppc.com.tw	jennifer_gppc
john@gppc.com.tw	john_gppc
joletta@gppc.com.tw	joletta_gppc
joyce@gppc.com.tw	joyce_gppc
jsc@gppc.com.tw	jsc_gppc
jslan@gppc.com.tw	jslan_gppc
k069@gppc.com.tw	k069_gppc
k071@gppc.com.tw	k071_gppc
k079@gppc.com.tw	k079_gppc
k086@gppc.com.tw	k086_gppc
k425@gppc.com.tw	k425_gppc
k501@gppc.com.tw	k501_gppc
k502@gppc.com.tw	k502_gppc
kbh@gppc.com.tw	kbh_gppc
khwu@gppc.com.tw	khwu_gppc
klaus@gppc.com.tw	klaus_gppc
kshuang@gppc.com.tw	kshuang_gppc
kuei_ying@gppc.com.tw	kuei_ying_gppc
kuni_chang@gppc.com.tw	kuni_chang_gppc
kuo@gppc.com.tw	kuo_gppc
lan290@gppc.com.tw	lan290_gppc
laura@gppc.com.tw	laura_gppc
law@gppc.com.tw	law_gppc
lawerence@gppc.com.tw	lawerence_gppc
liaw@gppc.com.tw	liaw_gppc
lien@gppc.com.tw	lien_gppc
lin123@gppc.com.tw	lin123_gppc
lincj@gppc.com.tw	lincj_gppc
linjuyi@gppc.com.tw	linjuyi_gppc
lins729@gppc.com.tw	lins729_gppc
liping@gppc.com.tw	liping_gppc
liusc@gppc.com.tw	liusc_gppc
lu@gppc.com.tw	lu_gppc
marklin@gppc.com.tw	marklin_gppc
mcl@gppc.com.tw	mcl_gppc
meigen@gppc.com.tw	meigen_gppc
meiling@gppc.com.tw	meiling_gppc
ming@gppc.com.tw	ming_gppc
myshen@gppc.com.tw	myshen_gppc
mywang@gppc.com.tw	mywang_gppc
nicole@gppc.com.tw	nicole_gppc
patty@gppc.com.tw	patty_gppc
pauline@gppc.com.tw	pauline_gppc
pcyang@gppc.com.tw	pcyang_gppc
phwang@gppc.com.tw	phwang_gppc
pong@gppc.com.tw	pong_gppc
robert@gppc.com.tw	robert_gppc
rtyang@gppc.com.tw	rtyang_gppc
ruby@gppc.com.tw	ruby_gppc
sandy@gppc.com.tw	sandy_gppc
sclee@gppc.com.tw	sclee_gppc
sentra@gppc.com.tw	sentra_gppc
services@gppc.com.tw	services_gppc
sfchang@gppc.com.tw	sfchang_gppc
sfchou@gppc.com.tw	sfchou_gppc
sfliu@gppc.com.tw	sfliu_gppc
sjy@gppc.com.tw	sjy_gppc
sm2@gppc.com.tw	sm2_gppc
solomon_lou@gppc.com.tw	solomon_lou_gppc
stc@gppc.com.tw	stc_gppc
sylvia@gppc.com.tw	sylvia_gppc
tecshf@gppc.com.tw	tecshf_gppc
tecta@gppc.com.tw	tecta_gppc
tecwei@gppc.com.tw	tecwei_gppc
thur@gppc.com.tw	thur_gppc
tjwang@gppc.com.tw	tjwang_gppc
tmchang@gppc.com.tw	tmchang_gppc
tml105@gppc.com.tw	tml105_gppc
tnc106@gppc.com.tw	tnc106_gppc
tseng@gppc.com.tw	tseng_gppc
tsmao@gppc.com.tw	tsmao_gppc
vlin@gppc.com.tw	vlin_gppc
wangchenghua@gppc.com.tw	wangchenghua_gppc
wangyt@gppc.com.tw	wangyt_gppc
wctsai@gppc.com.tw	wctsai_gppc
weeklyreport@gppc.com.tw	weeklyreport_gppc
wejn@gppc.com.tw	wejn_gppc
wen4498@gppc.com.tw	wen4498_gppc
wslin@gppc.com.tw	wslin_gppc
yangshiowmei@gppc.com.tw	yangshiowmei_gppc
yao.may@gppc.com.tw	yao.may_gppc
yau@gppc.com.tw	yau_gppc
ycm@gppc.com.tw	ycm_gppc
yeong@gppc.com.tw	yeong_gppc
ytlin@gppc.com.tw	ytlin_gppc
yuan@gppc.com.tw	yuan_gppc
ney@greenmagic.com.tw	ney_greenmagic
order@greenmagic.com.tw	order_greenmagic
qna@greenmagic.com.tw	qna_greenmagic
service@greenmagic.com.tw	service_greenmagic
simon@greenmagic.com.tw	simon_greenmagic
agnes@heli-ocean.com.tw	agnes_heli-ocean
alex@heli-ocean.com.tw	alex_heli-ocean
alexl@heli-ocean.com.tw	alexl_heli-ocean
allenh@heli-ocean.com.tw	allenh_heli-ocean
allenl@heli-ocean.com.tw	allenl_heli-ocean
amanda@heli-ocean.com.tw	amanda_heli-ocean
amyw@heli-ocean.com.tw	amyw_heli-ocean
andyl@heli-ocean.com.tw	andyl_heli-ocean
arma@heli-ocean.com.tw	arma_heli-ocean
arthurh@heli-ocean.com.tw	arthurh_heli-ocean
avery@heli-ocean.com.tw	avery_heli-ocean
beauc@heli-ocean.com.tw	beauc_heli-ocean
bess@heli-ocean.com.tw	bess_heli-ocean
bonnieh@heli-ocean.com.tw	bonnieh_heli-ocean
buffyl@heli-ocean.com.tw	buffyl_heli-ocean
candyt@heli-ocean.com.tw	candyt_heli-ocean
daffodil@heli-ocean.com.tw	daffodil_heli-ocean
davidc@heli-ocean.com.tw	davidc_heli-ocean
davidf@heli-ocean.com.tw	davidf_heli-ocean
dickc@heli-ocean.com.tw	dickc_heli-ocean
doris@heli-ocean.com.tw	doris_heli-ocean
fei@heli-ocean.com.tw	fei_heli-ocean
huang@heli-ocean.com.tw	huang_heli-ocean
jackt@heli-ocean.com.tw	jackt_heli-ocean
jasonw@heli-ocean.com.tw	jasonw_heli-ocean
jensen@heli-ocean.com.tw	jensen_heli-ocean
joan@heli-ocean.com.tw	joan_heli-ocean
joanna@heli-ocean.com.tw	joanna_heli-ocean
joyceh@heli-ocean.com.tw	joyceh_heli-ocean
kenton@heli-ocean.com.tw	kenton_heli-ocean
kevinh@heli-ocean.com.tw	kevinh_heli-ocean
kylec@heli-ocean.com.tw	kylec_heli-ocean
laura@heli-ocean.com.tw	laura_heli-ocean
martinl@heli-ocean.com.tw	martinl_heli-ocean
mavis@heli-ocean.com.tw	mavis_heli-ocean
max@heli-ocean.com.tw	max_heli-ocean
mayc@heli-ocean.com.tw	mayc_heli-ocean
patrickl@heli-ocean.com.tw	patrickl_heli-ocean
paul@heli-ocean.com.tw	paul_heli-ocean
rainey@heli-ocean.com.tw	rainey_heli-ocean
robert@heli-ocean.com.tw	robert_heli-ocean
roxanne@heli-ocean.com.tw	roxanne_heli-ocean
sales@heli-ocean.com.tw	sales_heli-ocean
service@heli-ocean.com.tw	service_heli-ocean
shun@heli-ocean.com.tw	shun_heli-ocean
stevel@heli-ocean.com.tw	stevel_heli-ocean
ted_chen@heli-ocean.com.tw	ted_chen_heli-ocean
vivianl@heli-ocean.com.tw	vivianl_heli-ocean
yvonne@heli-ocean.com.tw	yvonne_heli-ocean
amylin@heliopolis.com.tw	amylin_heliopolis
ann@heliopolis.com.tw	ann_heliopolis
chungwutsai@heliopolis.com.tw	chungwutsai_heliopolis
chunlin@heliopolis.com.tw	chunlin_heliopolis
clara@heliopolis.com.tw	clara_heliopolis
clare@heliopolis.com.tw	clare_heliopolis
evon@heliopolis.com.tw	evon_heliopolis
fangfang@heliopolis.com.tw	fangfang_heliopolis
graceyang@heliopolis.com.tw	graceyang_heliopolis
hungsm@heliopolis.com.tw	hungsm_heliopolis
jill@heliopolis.com.tw	jill_heliopolis
jimmychang@heliopolis.com.tw	jimmychang_heliopolis
juno@heliopolis.com.tw	juno_heliopolis
michael@heliopolis.com.tw	michael_heliopolis
osirisone@heliopolis.com.tw	osirisone_heliopolis
rita@heliopolis.com.tw	rita_heliopolis
sandra@heliopolis.com.tw	sandra_heliopolis
sara@heliopolis.com.tw	sara_heliopolis
service@heliopolis.com.tw	service_heliopolis
sharonlin@heliopolis.com.tw	sharonlin_heliopolis
tony@heliopolis.com.tw	tony_heliopolis
trudy@heliopolis.com.tw	trudy_heliopolis
ycchang@heliopolis.com.tw	ycchang_heliopolis
yuying@heliopolis.com.tw	yuying_heliopolis
bumi@hellodisc.com.tw	bumi_hellodisc
cherry@hellodisc.com.tw	cherry_hellodisc
gavin@hellodisc.com.tw	gavin_hellodisc
info@hellodisc.com.tw	info_hellodisc
kevin@hellodisc.com.tw	kevin_hellodisc
kimi@hellodisc.com.tw	kimi_hellodisc
nicole@hellodisc.com.tw	nicole_hellodisc
paco@hellodisc.com.tw	paco_hellodisc
sys@hellodisc.com.tw	sys_hellodisc
tina@hellodisc.com.tw	tina_hellodisc
antony@highpull.com.tw	antony_highpull
edison@highpull.com.tw	edison_highpull
housman@highpull.com.tw	housman_highpull
jerry@highpull.com.tw	jerry_highpull
reiner@highpull.com.tw	reiner_highpull
service@highpull.com.tw	service_highpull
taimin@highpull.com.tw	taimin_highpull
vinson@highpull.com.tw	vinson_highpull
wendy@highpull.com.tw	wendy_highpull
amy@hilltop.com.tw	amy_hilltop
belinda@hilltop.com.tw	belinda_hilltop
dennis@hilltop.com.tw	dennis_hilltop
edi@hilltop.com.tw	edi_hilltop
emily@hilltop.com.tw	emily_hilltop
hsiang@hilltop.com.tw	hsiang_hilltop
jack@hilltop.com.tw	jack_hilltop
james@hilltop.com.tw	james_hilltop
jean@hilltop.com.tw	jean_hilltop
jenny@hilltop.com.tw	jenny_hilltop
joanne@hilltop.com.tw	joanne_hilltop
julia@hilltop.com.tw	julia_hilltop
lct@hilltop.com.tw	lct_hilltop
lmh@hilltop.com.tw	lmh_hilltop
love@hilltop.com.tw	love_hilltop
nico@hilltop.com.tw	nico_hilltop
patience@hilltop.com.tw	patience_hilltop
peter@hilltop.com.tw	peter_hilltop
service@hilltop.com.tw	service_hilltop
terry@hilltop.com.tw	terry_hilltop
tiffeny@hilltop.com.tw	tiffeny_hilltop
vicky@hilltop.com.tw	vicky_hilltop
vincent@hilltop.com.tw	vincent_hilltop
anita@hitechs.com.tw	anita_hitechs
christina@hitechs.com.tw	christina_hitechs
ht@hitechs.com.tw	ht_hitechs
jessica@hitechs.com.tw	jessica_hitechs
judy@hitechs.com.tw	judy_hitechs
marine@hitechs.com.tw	marine_hitechs
matt@hitechs.com.tw	matt_hitechs
joan@hontek-tw.com.tw	joan_hontek-tw
jolynn@hontek-tw.com.tw	jolynn_hontek-tw
karen@hontek-tw.com.tw	karen_hontek-tw
valerie@hontek-tw.com.tw	valerie_hontek-tw
eva@hotpops.com.tw	eva_hotpops
jean@hotpops.com.tw	jean_hotpops
karen@hotpops.com.tw	karen_hotpops
maggie@hotpops.com.tw	maggie_hotpops
way@hotpops.com.tw	way_hotpops
ben@hpctaiwan.com	ben_hpctaiwan
christine@hpctaiwan.com	christine_hpctaiwan
ellen@hpctaiwan.com	ellen_hpctaiwan
fang_yeh@hpctaiwan.com	fang_yeh_hpctaiwan
hpc@hpctaiwan.com	hpc_hpctaiwan
jeff@hpctaiwan.com	jeff_hpctaiwan
joyce@hpctaiwan.com	joyce_hpctaiwan
kevin@hpctaiwan.com	kevin_hpctaiwan
ray@hpctaiwan.com	ray_hpctaiwan
samuel@hpctaiwan.com	samuel_hpctaiwan
standly@hpctaiwan.com	standly_hpctaiwan
0921@hs-tech.com.tw	0921_hs-tech
813@hs-tech.com.tw	813_hs-tech
826@hs-tech.com.tw	826_hs-tech
827@hs-tech.com.tw	827_hs-tech
828@hs-tech.com.tw	828_hs-tech
836@hs-tech.com.tw	836_hs-tech
alan_teng@hs-tech.com.tw	alan_teng_hs-tech
cct@hs-tech.com.tw	cct_hs-tech
chen@hs-tech.com.tw	chen_hs-tech
hs-tech@hs-tech.com.tw	hs-tech_hs-tech
jason@hs-tech.com.tw	jason_hs-tech
jeff@hs-tech.com.tw	jeff_hs-tech
jerry_chen@hs-tech.com.tw	jerry_chen_hs-tech
kenny@hs-tech.com.tw	kenny_hs-tech
ramy@hs-tech.com.tw	ramy_hs-tech
rhl@hs-tech.com.tw	rhl_hs-tech
cjwu@hsinyu.com.tw	cjwu_hsinyu
ckhuang@hsinyu.com.tw	ckhuang_hsinyu
crystalwu@hsinyu.com.tw	crystalwu_hsinyu
cylin@hsinyu.com.tw	cylin_hsinyu
darrenwu@hsinyu.com.tw	darrenwu_hsinyu
dnchen@hsinyu.com.tw	dnchen_hsinyu
evajeng@hsinyu.com.tw	evajeng_hsinyu
gracelee@hsinyu.com.tw	gracelee_hsinyu
hsinchu1@hsinyu.com.tw	hsinchu1_hsinyu
hsinchu2@hsinyu.com.tw	hsinchu2_hsinyu
kensu@hsinyu.com.tw	kensu_hsinyu
liangchang@hsinyu.com.tw	liangchang_hsinyu
lisayeh@hsinyu.com.tw	lisayeh_hsinyu
scottliu@hsinyu.com.tw	scottliu_hsinyu
stanleyliu@hsinyu.com.tw	stanleyliu_hsinyu
wplin@hsinyu.com.tw	wplin_hsinyu
yvonnechen@hsinyu.com.tw	yvonnechen_hsinyu
scottliao@hydra.com.tw	scottliao_hydra
chin@iavx.com.tw	chin_iavx
jason@iavx.com.tw	jason_iavx
vincent@iavx.com.tw	vincent_iavx
aj@ichu.com.tw	aj_ichu
betty@ichu.com.tw	betty_ichu
chen@ichu.com.tw	chen_ichu
chris@ichu.com.tw	chris_ichu
donna@ichu.com.tw	donna_ichu
lisa@ichu.com.tw	lisa_ichu
lobo@ichu.com.tw	lobo_ichu
mason@ichu.com.tw	mason_ichu
peter@ichu.com.tw	peter_ichu
service@ichu.com.tw	service_ichu
susan@ichu.com.tw	susan_ichu
if@ifmode.com	if_ifmode
david.lee@imtec.com.tw	david.lee_imtec
fanny@imtec.com.tw	fanny_imtec
leon.tsai@imtec.com.tw	leon.tsai_imtec
morning.tsai@imtec.com.tw	morning.tsai_imtec
steve.hsu@imtec.com.tw	steve.hsu_imtec
tommy.chen@imtec.com.tw	tommy.chen_imtec
alice@infotec.com.tw	alice_infotec
claire@infotec.com.tw	claire_infotec
fred@infotec.com.tw	fred_infotec
freda@infotec.com.tw	freda_infotec
samyuan@infotec.com.tw	samyuan_infotec
service@infotec.com.tw	service_infotec
steven@infotec.com.tw	steven_infotec
william@infotec.com.tw	william_infotec
michaelchang@inkcom.com.tw	michaelchang_inkcom
service@inkcom.com.tw	service_inkcom
andrew@inktec.com.tw	andrew_inktec
service@inktec.com.tw	service_inktec
alanweng@iptec.com.tw	alanweng_iptec
alexkuo@iptec.com.tw	alexkuo_iptec
alextsai@iptec.com.tw	alextsai_iptec
anniewu@iptec.com.tw	anniewu_iptec
coscattseng@iptec.com.tw	coscattseng_iptec
doralee@iptec.com.tw	doralee_iptec
eileenchiu@iptec.com.tw	eileenchiu_iptec
ericchuang@iptec.com.tw	ericchuang_iptec
evaliu@iptec.com.tw	evaliu_iptec
evelynhua@iptec.com.tw	evelynhua_iptec
jacktau@iptec.com.tw	jacktau_iptec
jasonhuang@iptec.com.tw	jasonhuang_iptec
johannawu@iptec.com.tw	johannawu_iptec
kiddershen@iptec.com.tw	kiddershen_iptec
mandylin@iptec.com.tw	mandylin_iptec
marketing@iptec.com.tw	marketing_iptec
maylin@iptec.com.tw	maylin_iptec
michelleliu@iptec.com.tw	michelleliu_iptec
phoebefan@iptec.com.tw	phoebefan_iptec
phoebefeng@iptec.com.tw	phoebefeng_iptec
pingao@iptec.com.tw	pingao_iptec
richardyang@iptec.com.tw	richardyang_iptec
ritalai@iptec.com.tw	ritalai_iptec
rogerkang@iptec.com.tw	rogerkang_iptec
ryanchen@iptec.com.tw	ryanchen_iptec
sabrinalee@iptec.com.tw	sabrinalee_iptec
service@iptec.com.tw	service_iptec
stevenchuang@iptec.com.tw	stevenchuang_iptec
teresayang@iptec.com.tw	teresayang_iptec
tipo_iptec@iptec.com.tw	tipo_iptec_iptec
williamchen@iptec.com.tw	williamchen_iptec
bon@ite-corp.com	bon_ite-corp
cheng-wei@ite-corp.com	cheng-wei_ite-corp
chousc@ite-corp.com	chousc_ite-corp
david@ite-corp.com	david_ite-corp
debby@ite-corp.com	debby_ite-corp
dennis@ite-corp.com	dennis_ite-corp
duck@ite-corp.com	duck_ite-corp
eason@ite-corp.com	eason_ite-corp
fun@ite-corp.com	fun_ite-corp
h_s_chen28@ite-corp.com	h_s_chen28_ite-corp
im77@ite-corp.com	im77_ite-corp
johnny@ite-corp.com	johnny_ite-corp
juei28@ite-corp.com	juei28_ite-corp
linda@ite-corp.com	linda_ite-corp
mcliu@ite-corp.com	mcliu_ite-corp
mingchu@ite-corp.com	mingchu_ite-corp
minyi0@ite-corp.com	minyi0_ite-corp
peigi@ite-corp.com	peigi_ite-corp
richardc@ite-corp.com	richardc_ite-corp
sharon@ite-corp.com	sharon_ite-corp
summer@ite-corp.com	summer_ite-corp
swh@ite-corp.com	swh_ite-corp
sy@ite-corp.com	sy_ite-corp
tsenkuei@ite-corp.com	tsenkuei_ite-corp
vivian@ite-corp.com	vivian_ite-corp
wtcheng@ite-corp.com	wtcheng_ite-corp
wyd@ite-corp.com	wyd_ite-corp
yeh@ite-corp.com	yeh_ite-corp
jackie@jackiesunny.com.tw	jackie_jackiesunny
jackie1@jackiesunny.com.tw	jackie1_jackiesunny
sunny@jackiesunny.com.tw	sunny_jackiesunny
sunny1@jackiesunny.com.tw	sunny1_jackiesunny
jiannder2@jiannder.com.tw	jiannder2_jiannder
avis@jiuhshin.com	avis_jiuhshin
carol@jiuhshin.com	carol_jiuhshin
emma@jiuhshin.com	emma_jiuhshin
honda@jiuhshin.com	honda_jiuhshin
jiuhshin@jiuhshin.com	jiuhshin_jiuhshin
js@jiuhshin.com	js_jiuhshin
mavis@jiuhshin.com	mavis_jiuhshin
rita@jiuhshin.com	rita_jiuhshin
sales@jiuhshin.com	sales_jiuhshin
tina@jiuhshin.com	tina_jiuhshin
tt@jiuhshin.com	tt_jiuhshin
vanessa@jiuhshin.com	vanessa_jiuhshin
eddy.chen@jsicom.com.tw	eddy.chen_jsicom
hui@jsicom.com.tw	hui_jsicom
ivan.chen@jsicom.com.tw	ivan.chen_jsicom
jackly@jsicom.com.tw	jackly_jsicom
jerry@jsicom.com.tw	jerry_jsicom
reaky@jsicom.com.tw	reaky_jsicom
shb@jsicom.com.tw	shb_jsicom
vanessa@jsicom.com.tw	vanessa_jsicom
daveliao@jtonsys.com	daveliao_jtonsys
herman@jtonsys.com	herman_jtonsys
hershow@jtonsys.com	hershow_jtonsys
marvin@jtonsys.com	marvin_jtonsys
monchi@jtonsys.com	monchi_jtonsys
sam@jtonsys.com	sam_jtonsys
chiang@justherb.com.tw	chiang_justherb
grace@justherb.com.tw	grace_justherb
kevin@justherb.com.tw	kevin_justherb
luieis@justherb.com.tw	luieis_justherb
mayhsin@justherb.com.tw	mayhsin_justherb
moon@justherb.com.tw	moon_justherb
nancy@justherb.com.tw	nancy_justherb
sure@justherb.com.tw	sure_justherb
sylvia@justherb.com.tw	sylvia_justherb
tiny@justherb.com.tw	tiny_justherb
cservice@kdi.com.tw	cservice_kdi
fang@kdi.com.tw	fang_kdi
irene@kdi.com.tw	irene_kdi
jason@kdi.com.tw	jason_kdi
mitchell@kdi.com.tw	mitchell_kdi
product@kdi.com.tw	product_kdi
richard@kdi.com.tw	richard_kdi
training@kdi.com.tw	training_kdi
ykchen@kdi.com.tw	ykchen_kdi
betty@keewah.com.tw	betty_keewah
jojo@keewah.com.tw	jojo_keewah
kelly@keewah.com.tw	kelly_keewah
max@keewah.com.tw	max_keewah
pat@keewah.com.tw	pat_keewah
sandy@keewah.com.tw	sandy_keewah
st@keewah.com.tw	st_keewah
syl@keewah.com.tw	syl_keewah
chris@konlin.com.tw	chris_konlin
fusunlin18@konlin.com.tw	fusunlin18_konlin
ivy@konlin.com.tw	ivy_konlin
jack@konlin.com.tw	jack_konlin
jenlin@konlin.com.tw	jenlin_konlin
kaede@konlin.com.tw	kaede_konlin
karlking@konlin.com.tw	karlking_konlin
meggy@konlin.com.tw	meggy_konlin
mei@konlin.com.tw	mei_konlin
tim@konlin.com.tw	tim_konlin
tina36154@konlin.com.tw	tina36154_konlin
wilson@konlin.com.tw	wilson_konlin
yujui_lin@konlin.com.tw	yujui_lin_konlin
alb@lavita.com.tw	alb_lavita
china@lavita.com.tw	china_lavita
eric@lavita.com.tw	eric_lavita
fian@lavita.com.tw	fian_lavita
krissy@lavita.com.tw	krissy_lavita
lavita@lavita.com.tw	lavita_lavita
service@lavita.com.tw	service_lavita
smart@lavita.com.tw	smart_lavita
taiwan@lavita.com.tw	taiwan_lavita
tiya@lavita.com.tw	tiya_lavita
anie@law100.com.tw	anie_law100
annie@law100.com.tw	annie_law100
chin@law100.com.tw	chin_law100
client@law100.com.tw	client_law100
fan@law100.com.tw	fan_law100
lee@law100.com.tw	lee_law100
thales@law100.com.tw	thales_law100
wenggy@law100.com.tw	wenggy_law100
law@lawtw.net	law_lawtw
law104@lawtw.net	law104_lawtw
lawyer@lawtw.net	lawyer_lawtw
lawyer007@lawtw.net	lawyer007_lawtw
service@lawtw.net	service_lawtw
twlawyer@lawtw.net	twlawyer_lawtw
amanda.kuo@lhccpa.com.tw	amanda.kuo_lhccpa
anko.huang@lhccpa.com.tw	anko.huang_lhccpa
aparecium@lhccpa.com.tw	aparecium_lhccpa
betty.yang@lhccpa.com.tw	betty.yang_lhccpa
brucechung@lhccpa.com.tw	brucechung_lhccpa
chinllee@lhccpa.com.tw	chinllee_lhccpa
dingo.chou@lhccpa.com.tw	dingo.chou_lhccpa
eunice@lhccpa.com.tw	eunice_lhccpa
j.c.@lhccpa.com.tw	j.c._lhccpa
jessica.hsaio@lhccpa.com.tw	jessica.hsaio_lhccpa
jessiesue.sue@lhccpa.com.tw	jessiesue.sue_lhccpa
krystalhsiao@lhccpa.com.tw	krystalhsiao_lhccpa
lisa.lin@lhccpa.com.tw	lisa.lin_lhccpa
max.chang@lhccpa.com.tw	max.chang_lhccpa
may.liao@lhccpa.com.tw	may.liao_lhccpa
mini.hsaio@lhccpa.com.tw	mini.hsaio_lhccpa
peishun.lan@lhccpa.com.tw	peishun.lan_lhccpa
proust.chuang@lhccpa.com.tw	proust.chuang_lhccpa
rita.lin@lhccpa.com.tw	rita.lin_lhccpa
scott.hsieh@lhccpa.com.tw	scott.hsieh_lhccpa
slash.tseng@lhccpa.com.tw	slash.tseng_lhccpa
smile.huang@lhccpa.com.tw	smile.huang_lhccpa
susan@lhccpa.com.tw	susan_lhccpa
yuhan.lu@lhccpa.com.tw	yuhan.lu_lhccpa
yukiko.tsai@lhccpa.com.tw	yukiko.tsai_lhccpa
angel@lianyivi.com.tw	angel_lianyivi
ernesthuang@lianyivi.com.tw	ernesthuang_lianyivi
jason@lianyivi.com.tw	jason_lianyivi
mandy@lianyivi.com.tw	mandy_lianyivi
minno@lianyivi.com.tw	minno_lianyivi
sales@lianyivi.com.tw	sales_lianyivi
vincent@lianyivi.com.tw	vincent_lianyivi
anne@liu-law.com.tw	anne_liu-law
client@liu-law.com.tw	client_liu-law
hata@liu-law.com.tw	hata_liu-law
liu@liu-law.com.tw	liu_liu-law
mico@liu-law.com.tw	mico_liu-law
pichiu@liu-law.com.tw	pichiu_liu-law
teresa@liu-law.com.tw	teresa_liu-law
aom@livingpro.com.tw	aom_livingpro
cindy.jeng@livingpro.com.tw	cindy.jeng_livingpro
eileen.yao@livingpro.com.tw	eileen.yao_livingpro
jerry.yang@livingpro.com.tw	jerry.yang_livingpro
kade@livingpro.com.tw	kade_livingpro
mac.lin@livingpro.com.tw	mac.lin_livingpro
mod@livingpro.com.tw	mod_livingpro
service@livingpro.com.tw	service_livingpro
stephanie.chen@livingpro.com.tw	stephanie.chen_livingpro
steve.hsu@livingpro.com.tw	steve.hsu_livingpro
tammy.tang@livingpro.com.tw	tammy.tang_livingpro
tina.lee@livingpro.com.tw	tina.lee_livingpro
ann@lma.com.tw	ann_lma
jenny@lma.com.tw	jenny_lma
jessie@lma.com.tw	jessie_lma
ken@lma.com.tw	ken_lma
mia@lma.com.tw	mia_lma
nicole@lma.com.tw	nicole_lma
patrick@lma.com.tw	patrick_lma
rita@lma.com.tw	rita_lma
steve@lma.com.tw	steve_lma
waylon@lma.com.tw	waylon_lma
bunny_chen@lobos.com.tw	bunny_chen_lobos
gino_tzeng@lobos.com.tw	gino_tzeng_lobos
jason_yen@lobos.com.tw	jason_yen_lobos
ksakurada@lobos.com.tw	ksakurada_lobos
landy_chen@lobos.com.tw	landy_chen_lobos
sales@lobos.com.tw	sales_lobos
support@lobos.com.tw	support_lobos
vincent_lee@lobos.com.tw	vincent_lee_lobos
webmaster@lobos.com.tw	webmaster_lobos
wendy_tsai@lobos.com.tw	wendy_tsai_lobos
allen@lumbini.com.tw	allen_lumbini
country@lumbini.com.tw	country_lumbini
janekung@lumbini.com.tw	janekung_lumbini
nica@lumbini.com.tw	nica_lumbini
serdar@lumbini.com.tw	serdar_lumbini
service@lumbini.com.tw	service_lumbini
alan@magnet.com.tw	alan_magnet
alissa@magnet.com.tw	alissa_magnet
david@magnet.com.tw	david_magnet
fanny@magnet.com.tw	fanny_magnet
jimchang@magnet.com.tw	jimchang_magnet
joyce@magnet.com.tw	joyce_magnet
keke@magnet.com.tw	keke_magnet
kelly@magnet.com.tw	kelly_magnet
kerin@magnet.com.tw	kerin_magnet
maruko@magnet.com.tw	maruko_magnet
marx@magnet.com.tw	marx_magnet
service@magnet.com.tw	service_magnet
tarker@magnet.com.tw	tarker_magnet
yvonne@magnet.com.tw	yvonne_magnet
admin@magtekcontrol.com.tw	admin_magtekcontrol
amanda@magtekcontrol.com.tw	amanda_magtekcontrol
flexchen@magtekcontrol.com.tw	flexchen_magtekcontrol
joyce@magtekcontrol.com.tw	joyce_magtekcontrol
kevin@magtekcontrol.com.tw	kevin_magtekcontrol
michael@magtekcontrol.com.tw	michael_magtekcontrol
sales@magtekcontrol.com.tw	sales_magtekcontrol
vic@magtekcontrol.com.tw	vic_magtekcontrol
support@mail.anco.com.tw	support_mail
howard@mail.howard.com.tw	howard_howard
karen@mail.howard.com.tw	karen_howard
nancy@mail.howard.com.tw	nancy_howard
tina@mail.howard.com.tw	tina_howard
bill@mail.joupo.com	bill_joupo
catherine@mail.joupo.com	catherine_joupo
davidjou@mail.joupo.com	davidjou_joupo
duncan@mail.joupo.com	duncan_joupo
elisa@mail.joupo.com	elisa_joupo
fang@mail.joupo.com	fang_joupo
fl@mail.joupo.com	fl_joupo
fornix@mail.joupo.com	fornix_joupo
frank@mail.joupo.com	frank_joupo
grantjou@mail.joupo.com	grantjou_joupo
hsinyi@mail.joupo.com	hsinyi_joupo
ikumi@mail.joupo.com	ikumi_joupo
ivy@mail.joupo.com	ivy_joupo
julie@mail.joupo.com	julie_joupo
laura@mail.joupo.com	laura_joupo
rita@mail.joupo.com	rita_joupo
rosalind@mail.joupo.com	rosalind_joupo
service@mail.joupo.com	service_joupo
sherry@mail.joupo.com	sherry_joupo
shimo@mail.joupo.com	shimo_joupo
sophia@mail.joupo.com	sophia_joupo
sophy@mail.joupo.com	sophy_joupo
steven@mail.joupo.com	steven_joupo
tina@mail.joupo.com	tina_joupo
wanling@mail.joupo.com	wanling_joupo
wendy@mail.joupo.com	wendy_joupo
wenfei@mail.joupo.com	wenfei_joupo
yuka@mail.joupo.com	yuka_joupo
zhiren@mail.joupo.com	zhiren_joupo
alice@maistek.com.tw	alice_maistek
audrey@maistek.com.tw	audrey_maistek
bem@maistek.com.tw	bem_maistek
david@maistek.com.tw	david_maistek
eugene@maistek.com.tw	eugene_maistek
hptu@maistek.com.tw	hptu_maistek
jacky@maistek.com.tw	jacky_maistek
jane@maistek.com.tw	jane_maistek
lindon@maistek.com.tw	lindon_maistek
mark@maistek.com.tw	mark_maistek
max@maistek.com.tw	max_maistek
miranda@maistek.com.tw	miranda_maistek
ryan@maistek.com.tw	ryan_maistek
sales@maistek.com.tw	sales_maistek
wufrank@maistek.com.tw	wufrank_maistek
hachi@majestic-pets.com	hachi_majestic-pets
horlic@majestic-pets.com	horlic_majestic-pets
kevin@majestic-pets.com	kevin_majestic-pets
tedl@majestic-pets.com	tedl_majestic-pets
alice@mega-force.com.tw	alice_mega-force
angel@mega-force.com.tw	angel_mega-force
candy@mega-force.com.tw	candy_mega-force
ivy@mega-force.com.tw	ivy_mega-force
jack@mega-force.com.tw	jack_mega-force
jfchen@mega-force.com.tw	jfchen_mega-force
michael@mega-force.com.tw	michael_mega-force
robert@mega-force.com.tw	robert_mega-force
ya-fen@mega-force.com.tw	ya-fen_mega-force
johnson@melodytech.com	johnson_melodytech
linda@melodytech.com	linda_melodytech
richard@melodytech.com	richard_melodytech
finance@micro-view.com.tw	finance_micro-view
johnny@micro-view.com.tw	johnny_micro-view
kelly@micro-view.com.tw	kelly_micro-view
sales@micro-view.com.tw	sales_micro-view
shipping@micro-view.com.tw	shipping_micro-view
helen@minwe.com.tw	helen_minwe
joey@minwe.com.tw	joey_minwe
joywu@minwe.com.tw	joywu_minwe
peter@minwe.com.tw	peter_minwe
rangmei@minwe.com.tw	rangmei_minwe
sales@minwe.com.tw	sales_minwe
tsai@minwe.com.tw	tsai_minwe
wendy@minwe.com.tw	wendy_minwe
wenlang@minwe.com.tw	wenlang_minwe
darren@mtrend.com.tw	darren_mtrend
david@mtrend.com.tw	david_mtrend
grace@mtrend.com.tw	grace_mtrend
henry@mtrend.com.tw	henry_mtrend
kong@mtrend.com.tw	kong_mtrend
michael@mtrend.com.tw	michael_mtrend
pair@mtrend.com.tw	pair_mtrend
peter@mtrend.com.tw	peter_mtrend
teresa@mtrend.com.tw	teresa_mtrend
service@naycherng.com.tw	service_naycherng
yang@naycherng.com.tw	yang_naycherng
amy@neomed.com.tw	amy_neomed
angel@neomed.com.tw	angel_neomed
anne@neomed.com.tw	anne_neomed
aries@neomed.com.tw	aries_neomed
boblin@neomed.com.tw	boblin_neomed
carol@neomed.com.tw	carol_neomed
cerrin@neomed.com.tw	cerrin_neomed
evilufox@neomed.com.tw	evilufox_neomed
fiona@neomed.com.tw	fiona_neomed
fish@neomed.com.tw	fish_neomed
janice@neomed.com.tw	janice_neomed
jason@neomed.com.tw	jason_neomed
jerry@neomed.com.tw	jerry_neomed
jessica@neomed.com.tw	jessica_neomed
joseph@neomed.com.tw	joseph_neomed
justine@neomed.com.tw	justine_neomed
michelle@neomed.com.tw	michelle_neomed
nick@neomed.com.tw	nick_neomed
nielliu@neomed.com.tw	nielliu_neomed
shu@neomed.com.tw	shu_neomed
sophia@neomed.com.tw	sophia_neomed
tina@neomed.com.tw	tina_neomed
vincent@neomed.com.tw	vincent_neomed
vivi@neomed.com.tw	vivi_neomed
yukichin@neomed.com.tw	yukichin_neomed
a1001@neostones.com.tw	a1001_neostones
a1002@neostones.com.tw	a1002_neostones
a1003@neostones.com.tw	a1003_neostones
a1004@neostones.com.tw	a1004_neostones
a1005@neostones.com.tw	a1005_neostones
a1006@neostones.com.tw	a1006_neostones
a1007@neostones.com.tw	a1007_neostones
a1008@neostones.com.tw	a1008_neostones
a1009@neostones.com.tw	a1009_neostones
a1011@neostones.com.tw	a1011_neostones
a1012@neostones.com.tw	a1012_neostones
a1013@neostones.com.tw	a1013_neostones
a1016@neostones.com.tw	a1016_neostones
a1017@neostones.com.tw	a1017_neostones
a1018@neostones.com.tw	a1018_neostones
a1019@neostones.com.tw	a1019_neostones
a1020@neostones.com.tw	a1020_neostones
a1026@neostones.com.tw	a1026_neostones
a1027@neostones.com.tw	a1027_neostones
a1028@neostones.com.tw	a1028_neostones
a1030@neostones.com.tw	a1030_neostones
a1031@neostones.com.tw	a1031_neostones
a1033@neostones.com.tw	a1033_neostones
a1034@neostones.com.tw	a1034_neostones
a1038@neostones.com.tw	a1038_neostones
a1039@neostones.com.tw	a1039_neostones
a1040@neostones.com.tw	a1040_neostones
a1042@neostones.com.tw	a1042_neostones
a1043@neostones.com.tw	a1043_neostones
a1044@neostones.com.tw	a1044_neostones
a1045@neostones.com.tw	a1045_neostones
a1047@neostones.com.tw	a1047_neostones
a1048@neostones.com.tw	a1048_neostones
a1049@neostones.com.tw	a1049_neostones
a1051@neostones.com.tw	a1051_neostones
a1052@neostones.com.tw	a1052_neostones
a1053@neostones.com.tw	a1053_neostones
a1054@neostones.com.tw	a1054_neostones
a2001@neostones.com.tw	a2001_neostones
a2002@neostones.com.tw	a2002_neostones
a2004@neostones.com.tw	a2004_neostones
a2005@neostones.com.tw	a2005_neostones
a2011@neostones.com.tw	a2011_neostones
a2013@neostones.com.tw	a2013_neostones
a2020@neostones.com.tw	a2020_neostones
a2021@neostones.com.tw	a2021_neostones
a2022@neostones.com.tw	a2022_neostones
a2027@neostones.com.tw	a2027_neostones
a2049@neostones.com.tw	a2049_neostones
a2050@neostones.com.tw	a2050_neostones
a2052@neostones.com.tw	a2052_neostones
a2053@neostones.com.tw	a2053_neostones
a2056@neostones.com.tw	a2056_neostones
a3004@neostones.com.tw	a3004_neostones
a3010@neostones.com.tw	a3010_neostones
a3012@neostones.com.tw	a3012_neostones
a3019@neostones.com.tw	a3019_neostones
a3029@neostones.com.tw	a3029_neostones
a3033@neostones.com.tw	a3033_neostones
a3035@neostones.com.tw	a3035_neostones
a3037@neostones.com.tw	a3037_neostones
a3038@neostones.com.tw	a3038_neostones
a3039@neostones.com.tw	a3039_neostones
a3041@neostones.com.tw	a3041_neostones
a3042@neostones.com.tw	a3042_neostones
a3045@neostones.com.tw	a3045_neostones
a3046@neostones.com.tw	a3046_neostones
a3057@neostones.com.tw	a3057_neostones
a3058@neostones.com.tw	a3058_neostones
a3059@neostones.com.tw	a3059_neostones
a3060@neostones.com.tw	a3060_neostones
a3061@neostones.com.tw	a3061_neostones
a3062@neostones.com.tw	a3062_neostones
a3064@neostones.com.tw	a3064_neostones
a3065@neostones.com.tw	a3065_neostones
a3066@neostones.com.tw	a3066_neostones
a3068@neostones.com.tw	a3068_neostones
a3070@neostones.com.tw	a3070_neostones
a4001@neostones.com.tw	a4001_neostones
a4002@neostones.com.tw	a4002_neostones
a4004@neostones.com.tw	a4004_neostones
neostones@neostones.com.tw	neostones_neostones
yoyo@neostones.com.tw	yoyo_neostones
cha@newcd.com.tw	cha_newcd
jassey@newcd.com.tw	jassey_newcd
jean@newcd.com.tw	jean_newcd
stang@newcd.com.tw	stang_newcd
susan@newcd.com.tw	susan_newcd
ufwisdom@newcd.com.tw	ufwisdom_newcd
wanhsiu@newcd.com.tw	wanhsiu_newcd
ella@nistem.com.tw	ella_nistem
ellen@nistem.com.tw	ellen_nistem
gillian@nistem.com.tw	gillian_nistem
huang_cs@nistem.com.tw	huang_cs_nistem
laihp@nistem.com.tw	laihp_nistem
leo@nistem.com.tw	leo_nistem
liang@nistem.com.tw	liang_nistem
mark_chen@nistem.com.tw	mark_chen_nistem
parts@nistem.com.tw	parts_nistem
sammi@nistem.com.tw	sammi_nistem
shui@nistem.com.tw	shui_nistem
service@nobility.com.tw	service_nobility
amy_chen@northtech.com.tw	amy_chen_northtech
contact@northtech.com.tw	contact_northtech
kathy_yu@northtech.com.tw	kathy_yu_northtech
trade@northtech.com.tw	trade_northtech
vincent_yen@northtech.com.tw	vincent_yen_northtech
admin@nytaps.com.tw	admin_nytaps
cashier@nytaps.com.tw	cashier_nytaps
dr@nytaps.com.tw	dr_nytaps
nurse@nytaps.com.tw	nurse_nytaps
pro@nytaps.com.tw	pro_nytaps
carol@ocarol.com.tw	carol_ocarol
connie@ocarol.com.tw	connie_ocarol
joe@ocarol.com.tw	joe_ocarol
nba@ocarol.com.tw	nba_ocarol
nda@ocarol.com.tw	nda_ocarol
ocarol@ocarol.com.tw	ocarol_ocarol
rose@ocarol.com.tw	rose_ocarol
ahsueh@omniservice.com.tw	ahsueh_omniservice
bsu@omniservice.com.tw	bsu_omniservice
elee@omniservice.com.tw	elee_omniservice
gchen@omniservice.com.tw	gchen_omniservice
wchern@omniservice.com.tw	wchern_omniservice
dannylin@orzmail.idv.tw	dannylin_orzmail
luciusshiu@orzmail.idv.tw	luciusshiu_orzmail
michigan@orzmail.idv.tw	michigan_orzmail
public@p-johnson.com.tw	public_p-johnson
service@p-johnson.com.tw	service_p-johnson
yuan@p-johnson.com.tw	yuan_p-johnson
alan@pact.com.tw	alan_pact
anita@pact.com.tw	anita_pact
george@pact.com.tw	george_pact
jack@pact.com.tw	jack_pact
jessica@pact.com.tw	jessica_pact
leon@pact.com.tw	leon_pact
lilian@pact.com.tw	lilian_pact
lydia@pact.com.tw	lydia_pact
pact@pact.com.tw	pact_pact
troy@pact.com.tw	troy_pact
coal@pencoal.com.tw	coal_pencoal
emily@pencoal.com.tw	emily_pencoal
janne@pencoal.com.tw	janne_pencoal
jeffrey@pencoal.com.tw	jeffrey_pencoal
judychen@pencoal.com.tw	judychen_pencoal
maxlee@pencoal.com.tw	maxlee_pencoal
polly@pencoal.com.tw	polly_pencoal
thomas@pencoal.com.tw	thomas_pencoal
tinahuang@pencoal.com.tw	tinahuang_pencoal
happy@penku.com.tw	happy_penku
jan@penku.com.tw	jan_penku
jewel@penku.com.tw	jewel_penku
lin@penku.com.tw	lin_penku
sandy@penku.com.tw	sandy_penku
tenlin@penku.com.tw	tenlin_penku
teresa@penku.com.tw	teresa_penku
wps@penku.com.tw	wps_penku
anne@penmotors.com.tw	anne_penmotors
anniechen@penmotors.com.tw	anniechen_penmotors
car@penmotors.com.tw	car_penmotors
david@penmotors.com.tw	david_penmotors
gary@penmotors.com.tw	gary_penmotors
goolu@penmotors.com.tw	goolu_penmotors
hubert@penmotors.com.tw	hubert_penmotors
jack@penmotors.com.tw	jack_penmotors
jean@penmotors.com.tw	jean_penmotors
olivia@penmotors.com.tw	olivia_penmotors
rose@penmotors.com.tw	rose_penmotors
ss135750@penmotors.com.tw	ss135750_penmotors
ss136311@penmotors.com.tw	ss136311_penmotors
suny@penmotors.com.tw	suny_penmotors
tseng@penmotors.com.tw	tseng_penmotors
wang@penmotors.com.tw	wang_penmotors
wen@penmotors.com.tw	wen_penmotors
william@penmotors.com.tw	william_penmotors
yen@penmotors.com.tw	yen_penmotors
yu@penmotors.com.tw	yu_penmotors
sales@photocake.com.tw	sales_photocake
service@photocake.com.tw	service_photocake
info@plusin.com	info_plusin
mandy@plusin.com	mandy_plusin
phshu@plusin.com	phshu_plusin
plusin@plusin.com	plusin_plusin
samuel@plusin.com	samuel_plusin
jackie@pnm.com.tw	jackie_pnm
jysu@pnm.com.tw	jysu_pnm
kc@pnm.com.tw	kc_pnm
pnm99@pnm.com.tw	pnm99_pnm
rose@pnm.com.tw	rose_pnm
editor@polarisbook.com	editor_polarisbook
service@polarisbook.com	service_polarisbook
feleen_w@power-tech.biz	feleen_w_power-tech
gloria@power-tech.biz	gloria_power-tech
nico_l@power-tech.biz	nico_l_power-tech
info@powerfarm.com.tw	info_powerfarm
peace@powerfarm.com.tw	peace_powerfarm
david@powerflow.com.tw	david_powerflow
emily@powerflow.com.tw	emily_powerflow
service@powerflow.com.tw	service_powerflow
lilian@prime.com.tw	lilian_prime
logistic@prime.com.tw	logistic_prime
logistic1@prime.com.tw	logistic1_prime
richard@prime.com.tw	richard_prime
sales@prime.com.tw	sales_prime
service@prime.com.tw	service_prime
support@prime.com.tw	support_prime
annie@pro-technology.com.tw	annie_pro-technology
bill@pro-technology.com.tw	bill_pro-technology
kho@ptahdesign.com.tw	kho_ptahdesign
mia@ptahdesign.com.tw	mia_ptahdesign
johnson@qman.com.tw	johnson_qman
msn@qman.com.tw	msn_qman
order@qman.com.tw	order_qman
sales@qman.com.tw	sales_qman
sam@qman.com.tw	sam_qman
service@qman.com.tw	service_qman
anter@rcsacorp.com.tw	anter_rcsacorp
designer@rcsacorp.com.tw	designer_rcsacorp
doris@rcsacorp.com.tw	doris_rcsacorp
hr@rcsacorp.com.tw	hr_rcsacorp
info@rcsacorp.com.tw	info_rcsacorp
ivy@rcsacorp.com.tw	ivy_rcsacorp
karen@rcsacorp.com.tw	karen_rcsacorp
master@rcsacorp.com.tw	master_rcsacorp
mavis@rcsacorp.com.tw	mavis_rcsacorp
richard@rcsacorp.com.tw	richard_rcsacorp
steve@rcsacorp.com.tw	steve_rcsacorp
tammy@rcsacorp.com.tw	tammy_rcsacorp
yvonne@rcsacorp.com.tw	yvonne_rcsacorp
regis@regis-tech.com	regis_regis-tech
sam@regis-tech.com	sam_regis-tech
service@regis-tech.com	service_regis-tech
wayne@regis-tech.com	wayne_regis-tech
daniel@relaxt.com.tw	daniel_relaxt
sonia@relaxt.com.tw	sonia_relaxt
alan@ri-pro.com	alan_ri-pro
andy@ri-pro.com	andy_ri-pro
carol@ri-pro.com	carol_ri-pro
cathy@ri-pro.com	cathy_ri-pro
dora@ri-pro.com	dora_ri-pro
joan@ri-pro.com	joan_ri-pro
kelly@ri-pro.com	kelly_ri-pro
lola@ri-pro.com	lola_ri-pro
mandy@ri-pro.com	mandy_ri-pro
mark@ri-pro.com	mark_ri-pro
marketing@ri-pro.com	marketing_ri-pro
rose@ri-pro.com	rose_ri-pro
sam@ri-pro.com	sam_ri-pro
stacy@ri-pro.com	stacy_ri-pro
suching@ri-pro.com	suching_ri-pro
tina@ri-pro.com	tina_ri-pro
alex@romax.com.tw	alex_romax
nancy@romax.com.tw	nancy_romax
pat@romax.com.tw	pat_romax
roger@romax.com.tw	roger_romax
vincent@romax.com.tw	vincent_romax
vivi@romax.com.tw	vivi_romax
chao@rsam.com.tw	chao_rsam
chen@rsam.com.tw	chen_rsam
cs@rsam.com.tw	cs_rsam
mayas@rsam.com.tw	mayas_rsam
rsam@rsam.com.tw	rsam_rsam
sabrina@rsam.com.tw	sabrina_rsam
samlu@rsam.com.tw	samlu_rsam
thales@rsam.com.tw	thales_rsam
achang@rstech.com.tw	achang_rstech
dpeng@rstech.com.tw	dpeng_rstech
emerly@rstech.com.tw	emerly_rstech
sliang@rstech.com.tw	sliang_rstech
tina@rstech.com.tw	tina_rstech
account@ruody.com.tw	account_ruody
boss@ruody.com.tw	boss_ruody
debbie@ruody.com.tw	debbie_ruody
tseng@ruody.com.tw	tseng_ruody
van@ruody.com.tw	van_ruody
anchia@s-channel.com.tw	anchia_s-channel
dixon@s-channel.com.tw	dixon_s-channel
admi@sableinc.com.tw	admi_sableinc
admi-1@sableinc.com.tw	admi-1_sableinc
alex@sableinc.com.tw	alex_sableinc
alvin@sableinc.com.tw	alvin_sableinc
anchi@sableinc.com.tw	anchi_sableinc
bert@sableinc.com.tw	bert_sableinc
bill@sableinc.com.tw	bill_sableinc
charlie@sableinc.com.tw	charlie_sableinc
fanny@sableinc.com.tw	fanny_sableinc
flora@sableinc.com.tw	flora_sableinc
george@sableinc.com.tw	george_sableinc
janny@sableinc.com.tw	janny_sableinc
jason@sableinc.com.tw	jason_sableinc
jo.010@sableinc.com.tw	jo.010_sableinc
justin@sableinc.com.tw	justin_sableinc
larry@sableinc.com.tw	larry_sableinc
lavender@sableinc.com.tw	lavender_sableinc
lisa@sableinc.com.tw	lisa_sableinc
loca@sableinc.com.tw	loca_sableinc
louis@sableinc.com.tw	louis_sableinc
manu@sableinc.com.tw	manu_sableinc
market@sableinc.com.tw	market_sableinc
monica@sableinc.com.tw	monica_sableinc
pd@sableinc.com.tw	pd_sableinc
pd-1@sableinc.com.tw	pd-1_sableinc
purchase@sableinc.com.tw	purchase_sableinc
rd@sableinc.com.tw	rd_sableinc
rita@sableinc.com.tw	rita_sableinc
vicky@sableinc.com.tw	vicky_sableinc
vivian@sableinc.com.tw	vivian_sableinc
wh@sableinc.com.tw	wh_sableinc
wh01@sableinc.com.tw	wh01_sableinc
winnie@sableinc.com.tw	winnie_sableinc
ywchen@sableinc.com.tw	ywchen_sableinc
jier@samson-metal.com.tw	jier_samson-metal
service@samson-metal.com.tw	service_samson-metal
simon@samson-metal.com.tw	simon_samson-metal
alex@schmid-taiwan.com	alex_schmid-taiwan
angel@schmid-taiwan.com	angel_schmid-taiwan
angelika@schmid-taiwan.com	angelika_schmid-taiwan
ariel@schmid-taiwan.com	ariel_schmid-taiwan
ava@schmid-taiwan.com	ava_schmid-taiwan
carlson@schmid-taiwan.com	carlson_schmid-taiwan
claudia@schmid-taiwan.com	claudia_schmid-taiwan
cwuerth@schmid-taiwan.com	cwuerth_schmid-taiwan
denise@schmid-taiwan.com	denise_schmid-taiwan
erin@schmid-taiwan.com	erin_schmid-taiwan
guenter@schmid-taiwan.com	guenter_schmid-taiwan
jason@schmid-taiwan.com	jason_schmid-taiwan
johnny@schmid-taiwan.com	johnny_schmid-taiwan
max@schmid-taiwan.com	max_schmid-taiwan
monica@schmid-taiwan.com	monica_schmid-taiwan
revita@schmid-taiwan.com	revita_schmid-taiwan
service@schmid-taiwan.com	service_schmid-taiwan
simon@schmid-taiwan.com	simon_schmid-taiwan
stl-service@schmid-taiwan.com	stl-service_schmid-taiwan
storehouse@schmid-taiwan.com	storehouse_schmid-taiwan
sue@schmid-taiwan.com	sue_schmid-taiwan
thomas@schmid-taiwan.com	thomas_schmid-taiwan
vincent@schmid-taiwan.com	vincent_schmid-taiwan
vivian@schmid-taiwan.com	vivian_schmid-taiwan
wells@schmid-taiwan.com	wells_schmid-taiwan
wendy@schmid-taiwan.com	wendy_schmid-taiwan
admin@scopewell.com.tw	admin_scopewell
soon@scopewell.com.tw	soon_scopewell
chou@sembatw.com.tw	chou_sembatw
emma@sembatw.com.tw	emma_sembatw
fenny@sembatw.com.tw	fenny_sembatw
hing@sembatw.com.tw	hing_sembatw
isao.itoda@sembatw.com.tw	isao.itoda_sembatw
ken1008@sembatw.com.tw	ken1008_sembatw
lulu@sembatw.com.tw	lulu_sembatw
ota@sembatw.com.tw	ota_sembatw
arnold@sentravel.com.tw	arnold_sentravel
auliwa@sentravel.com.tw	auliwa_sentravel
christina@sentravel.com.tw	christina_sentravel
daiven@sentravel.com.tw	daiven_sentravel
jason@sentravel.com.tw	jason_sentravel
jean@sentravel.com.tw	jean_sentravel
mailbox@sentravel.com.tw	mailbox_sentravel
operation@sentravel.com.tw	operation_sentravel
pao@sentravel.com.tw	pao_sentravel
pichen@sentravel.com.tw	pichen_sentravel
piggy@sentravel.com.tw	piggy_sentravel
robin@sentravel.com.tw	robin_sentravel
sammi@sentravel.com.tw	sammi_sentravel
eva@seponline.com.tw	eva_seponline
info@seponline.com.tw	info_seponline
jean@seponline.com.tw	jean_seponline
maggie@seponline.com.tw	maggie_seponline
max@seponline.com.tw	max_seponline
wade@seponline.com.tw	wade_seponline
alan@sevenstar.com.tw	alan_sevenstar
barbara@sevenstar.com.tw	barbara_sevenstar
david@sevenstar.com.tw	david_sevenstar
denkenho@sevenstar.com.tw	denkenho_sevenstar
emily@sevenstar.com.tw	emily_sevenstar
fiona@sevenstar.com.tw	fiona_sevenstar
james@sevenstar.com.tw	james_sevenstar
jerry@sevenstar.com.tw	jerry_sevenstar
jessica@sevenstar.com.tw	jessica_sevenstar
joyce@sevenstar.com.tw	joyce_sevenstar
kenny@sevenstar.com.tw	kenny_sevenstar
konch@sevenstar.com.tw	konch_sevenstar
mary@sevenstar.com.tw	mary_sevenstar
meya@sevenstar.com.tw	meya_sevenstar
nina@sevenstar.com.tw	nina_sevenstar
rita@sevenstar.com.tw	rita_sevenstar
sandy@sevenstar.com.tw	sandy_sevenstar
sevenstar@sevenstar.com.tw	sevenstar_sevenstar
stephen@sevenstar.com.tw	stephen_sevenstar
teddy@sevenstar.com.tw	teddy_sevenstar
terry@sevenstar.com.tw	terry_sevenstar
alien@seyen.com.tw	alien_seyen
antony@seyen.com.tw	antony_seyen
emily@seyen.com.tw	emily_seyen
info@seyen.com.tw	info_seyen
irene@seyen.com.tw	irene_seyen
jennifer@seyen.com.tw	jennifer_seyen
jessie@seyen.com.tw	jessie_seyen
joyce@seyen.com.tw	joyce_seyen
linda@seyen.com.tw	linda_seyen
nicole@seyen.com.tw	nicole_seyen
salome@seyen.com.tw	salome_seyen
sophie@seyen.com.tw	sophie_seyen
stanley@seyen.com.tw	stanley_seyen
sweety@seyen.com.tw	sweety_seyen
tony@seyen.com.tw	tony_seyen
vivian@seyen.com.tw	vivian_seyen
annyta@shine-tech.com.tw	annyta_shine-tech
frank@shine-tech.com.tw	frank_shine-tech
fuliang@shine-tech.com.tw	fuliang_shine-tech
jackson@shine-tech.com.tw	jackson_shine-tech
jason@shine-tech.com.tw	jason_shine-tech
paul@shine-tech.com.tw	paul_shine-tech
carol@shinkin.com.tw	carol_shinkin
charles@shinkin.com.tw	charles_shinkin
chou@shinkin.com.tw	chou_shinkin
cindy@shinkin.com.tw	cindy_shinkin
jane@shinkin.com.tw	jane_shinkin
jui@shinkin.com.tw	jui_shinkin
kitai@shinkin.com.tw	kitai_shinkin
lee@shinkin.com.tw	lee_shinkin
mkgt@shinkin.com.tw	mkgt_shinkin
purchase@shinkin.com.tw	purchase_shinkin
skqc@shinkin.com.tw	skqc_shinkin
su@shinkin.com.tw	su_shinkin
wang@shinkin.com.tw	wang_shinkin
work@shinkin.com.tw	work_shinkin
yfcheng@shinkin.com.tw	yfcheng_shinkin
yu@shinkin.com.tw	yu_shinkin
michael@shred-et.com	michael_shred-et
personnel@shred-et.com	personnel_shred-et
sales@shred-et.com	sales_shred-et
service@shred-et.com	service_shred-et
kevin@silversilk.com.tw	kevin_silversilk
peter@silversilk.com.tw	peter_silversilk
silversilk@silversilk.com.tw	silversilk_silversilk
ted@silversilk.com.tw	ted_silversilk
annielin@sinwa.com.tw	annielin_sinwa
finance@sinwa.com.tw	finance_sinwa
neelylin@sinwa.com.tw	neelylin_sinwa
sallylin@sinwa.com.tw	sallylin_sinwa
service@sinwa.com.tw	service_sinwa
jack@skysis.com.tw	jack_skysis
jeff@skysis.com.tw	jeff_skysis
lu@skysis.com.tw	lu_skysis
service@skysis.com.tw	service_skysis
sheila@skysis.com.tw	sheila_skysis
ilan@smoothtour.com.tw	ilan_smoothtour
tpe@smoothtour.com.tw	tpe_smoothtour
corinachen@soezco.com.tw	corinachen_soezco
et.chou@solacorp.com	et.chou_solacorp
johnson.lin@solacorp.com	johnson.lin_solacorp
kengi.chen@solacorp.com	kengi.chen_solacorp
service@solacorp.com	service_solacorp
tylee@solacorp.com	tylee_solacorp
anna@solidlite.com	anna_solidlite
any@solidlite.com	any_solidlite
barry@solidlite.com	barry_solidlite
becklin@solidlite.com	becklin_solidlite
coco@solidlite.com	coco_solidlite
david@solidlite.com	david_solidlite
eliza@solidlite.com	eliza_solidlite
emmi@solidlite.com	emmi_solidlite
glai@solidlite.com	glai_solidlite
howard@solidlite.com	howard_solidlite
hr@solidlite.com	hr_solidlite
hsieh@solidlite.com	hsieh_solidlite
ivy@solidlite.com	ivy_solidlite
jack@solidlite.com	jack_solidlite
jason@solidlite.com	jason_solidlite
jean@solidlite.com	jean_solidlite
joan@solidlite.com	joan_solidlite
joanne@solidlite.com	joanne_solidlite
joyce@solidlite.com	joyce_solidlite
kai@solidlite.com	kai_solidlite
kenliu@solidlite.com	kenliu_solidlite
kenneth@solidlite.com	kenneth_solidlite
led@solidlite.com	led_solidlite
lillian@solidlite.com	lillian_solidlite
material@solidlite.com	material_solidlite
michael@solidlite.com	michael_solidlite
monica@solidlite.com	monica_solidlite
paolo@solidlite.com	paolo_solidlite
pd@solidlite.com	pd_solidlite
pe@solidlite.com	pe_solidlite
peggy@solidlite.com	peggy_solidlite
qa@solidlite.com	qa_solidlite
sales1@solidlite.com	sales1_solidlite
sales2@solidlite.com	sales2_solidlite
sam@solidlite.com	sam_solidlite
sammy@solidlite.com	sammy_solidlite
samuel@solidlite.com	samuel_solidlite
sharon@solidlite.com	sharon_solidlite
simon@solidlite.com	simon_solidlite
sony@solidlite.com	sony_solidlite
tess@solidlite.com	tess_solidlite
wen@solidlite.com	wen_solidlite
xavier@solidlite.com	xavier_solidlite
zoy@solidlite.com	zoy_solidlite
cp_chiang@sonostar.com	cp_chiang_sonostar
drq_chiou@sonostar.com	drq_chiou_sonostar
joesam_liu@sonostar.com	joesam_liu_sonostar
johnny_shen@sonostar.com	johnny_shen_sonostar
jonathon_chen@sonostar.com	jonathon_chen_sonostar
ken_lin@sonostar.com	ken_lin_sonostar
lillian_wang@sonostar.com	lillian_wang_sonostar
miko@sowan.com.tw	miko_sowan
miko2@sowan.com.tw	miko2_sowan
miko3@sowan.com.tw	miko3_sowan
miko4@sowan.com.tw	miko4_sowan
miko5@sowan.com.tw	miko5_sowan
amy@stanley-tpe.com.tw	amy_stanley-tpe
ariel@stanley-tpe.com.tw	ariel_stanley-tpe
chen@stanley-tpe.com.tw	chen_stanley-tpe
chris@stanley-tpe.com.tw	chris_stanley-tpe
elaine@stanley-tpe.com.tw	elaine_stanley-tpe
eric@stanley-tpe.com.tw	eric_stanley-tpe
fanny@stanley-tpe.com.tw	fanny_stanley-tpe
kaku@stanley-tpe.com.tw	kaku_stanley-tpe
kathy@stanley-tpe.com.tw	kathy_stanley-tpe
kevin@stanley-tpe.com.tw	kevin_stanley-tpe
sarah@stanley-tpe.com.tw	sarah_stanley-tpe
set-sales@stanley-tpe.com.tw	set-sales_stanley-tpe
wada@stanley-tpe.com.tw	wada_stanley-tpe
anna@starview.com.tw	anna_starview
buyer@starview.com.tw	buyer_starview
jack@starview.com.tw	jack_starview
johnson@starview.com.tw	johnson_starview
kelly@starview.com.tw	kelly_starview
megan@starview.com.tw	megan_starview
rick@starview.com.tw	rick_starview
sales@starview.com.tw	sales_starview
tony@starview.com.tw	tony_starview
grace@steptek.com.tw	grace_steptek
kender@steptek.com.tw	kender_steptek
pam@steptek.com.tw	pam_steptek
sales@steptek.com.tw	sales_steptek
step@steptek.com.tw	step_steptek
ann@sunprogroup.com.tw	ann_sunprogroup
diane@sunprogroup.com.tw	diane_sunprogroup
gmohr@sunprogroup.com.tw	gmohr_sunprogroup
katie@sunprogroup.com.tw	katie_sunprogroup
keith@sunprogroup.com.tw	keith_sunprogroup
lu@sunprogroup.com.tw	lu_sunprogroup
wu@sunprogroup.com.tw	wu_sunprogroup
seda.tseng@suntex89.com	seda.tseng_suntex89
sun.lin@suntex89.com	sun.lin_suntex89
andrew@sunwayfood.com.tw	andrew_sunwayfood
george@sunwayfood.com.tw	george_sunwayfood
hsiu0516@sunwayfood.com.tw	hsiu0516_sunwayfood
jay@sunwayfood.com.tw	jay_sunwayfood
joey2598@sunwayfood.com.tw	joey2598_sunwayfood
junior@sunwayfood.com.tw	junior_sunwayfood
lai@sunwayfood.com.tw	lai_sunwayfood
paul@sunwayfood.com.tw	paul_sunwayfood
shiou@sunwayfood.com.tw	shiou_sunwayfood
stephen@sunwayfood.com.tw	stephen_sunwayfood
tony@sunwayfood.com.tw	tony_sunwayfood
yuuko@sunwayfood.com.tw	yuuko_sunwayfood
bear@surtecpm.com.tw	bear_surtecpm
bill@surtecpm.com.tw	bill_surtecpm
eng1@surtecpm.com.tw	eng1_surtecpm
eng2@surtecpm.com.tw	eng2_surtecpm
jeff@surtecpm.com.tw	jeff_surtecpm
joe@surtecpm.com.tw	joe_surtecpm
john@surtecpm.com.tw	john_surtecpm
khl@surtecpm.com.tw	khl_surtecpm
mary@surtecpm.com.tw	mary_surtecpm
max@surtecpm.com.tw	max_surtecpm
nono@surtecpm.com.tw	nono_surtecpm
peter@surtecpm.com.tw	peter_surtecpm
power@surtecpm.com.tw	power_surtecpm
cp_chiang@taipeicapital.com.tw	cp_chiang_taipeicapital
hamie_hsu@taipeicapital.com.tw	hamie_hsu_taipeicapital
joesam_liu@taipeicapital.com.tw	joesam_liu_taipeicapital
johnny_shen@taipeicapital.com.tw	johnny_shen_taipeicapital
ken_lin@taipeicapital.com.tw	ken_lin_taipeicapital
lillian_wang@taipeicapital.com.tw	lillian_wang_taipeicapital
melinda_chen@taipeicapital.com.tw	melinda_chen_taipeicapital
akiyo@taiwan-leader.com	akiyo_taiwan-leader
amy@taiwan-leader.com	amy_taiwan-leader
ann@taiwan-leader.com	ann_taiwan-leader
benson@taiwan-leader.com	benson_taiwan-leader
betty@taiwan-leader.com	betty_taiwan-leader
carrie@taiwan-leader.com	carrie_taiwan-leader
chiang@taiwan-leader.com	chiang_taiwan-leader
claire@taiwan-leader.com	claire_taiwan-leader
danny@taiwan-leader.com	danny_taiwan-leader
erin@taiwan-leader.com	erin_taiwan-leader
eva@taiwan-leader.com	eva_taiwan-leader
gladys@taiwan-leader.com	gladys_taiwan-leader
grace@taiwan-leader.com	grace_taiwan-leader
henry@taiwan-leader.com	henry_taiwan-leader
hr@taiwan-leader.com	hr_taiwan-leader
jack@taiwan-leader.com	jack_taiwan-leader
jaspershen@taiwan-leader.com	jaspershen_taiwan-leader
jeff@taiwan-leader.com	jeff_taiwan-leader
jessica@taiwan-leader.com	jessica_taiwan-leader
joe@taiwan-leader.com	joe_taiwan-leader
kc@taiwan-leader.com	kc_taiwan-leader
kelly@taiwan-leader.com	kelly_taiwan-leader
kswang@taiwan-leader.com	kswang_taiwan-leader
lin@taiwan-leader.com	lin_taiwan-leader
lulu@taiwan-leader.com	lulu_taiwan-leader
marvin@taiwan-leader.com	marvin_taiwan-leader
monica@taiwan-leader.com	monica_taiwan-leader
orange@taiwan-leader.com	orange_taiwan-leader
patrick@taiwan-leader.com	patrick_taiwan-leader
rita@taiwan-leader.com	rita_taiwan-leader
sabrina@taiwan-leader.com	sabrina_taiwan-leader
sandy@taiwan-leader.com	sandy_taiwan-leader
sandyshih@taiwan-leader.com	sandyshih_taiwan-leader
sean@taiwan-leader.com	sean_taiwan-leader
seing@taiwan-leader.com	seing_taiwan-leader
shumin@taiwan-leader.com	shumin_taiwan-leader
sunny@taiwan-leader.com	sunny_taiwan-leader
taiwan@taiwan-leader.com	taiwan_taiwan-leader
webmaster@taiwan-leader.com	webmaster_taiwan-leader
yen@taiwan-leader.com	yen_taiwan-leader
service@taling.com.tw	service_taling
taling@taling.com.tw	taling_taling
jack@teppro.com.tw	jack_teppro
judy@teppro.com.tw	judy_teppro
sherry@teppro.com.tw	sherry_teppro
sitc@teppro.com.tw	sitc_teppro
teresa@teppro.com.tw	teresa_teppro
acc@tld.com.tw	acc_tld
assis@tld.com.tw	assis_tld
mandy@tld.com.tw	mandy_tld
sales@tld.com.tw	sales_tld
sales2@tld.com.tw	sales2_tld
sales3@tld.com.tw	sales3_tld
sales5@tld.com.tw	sales5_tld
sales6@tld.com.tw	sales6_tld
sales7@tld.com.tw	sales7_tld
service@tld.com.tw	service_tld
jeffery@top-player.com.tw	jeffery_top-player
jimmy@top-player.com.tw	jimmy_top-player
joanne@top-player.com.tw	joanne_top-player
julia@top-player.com.tw	julia_top-player
maggie@top-player.com.tw	maggie_top-player
sam@top-player.com.tw	sam_top-player
v-shop@top-player.com.tw	v-shop_top-player
vortex@top-player.com.tw	vortex_top-player
888@toplulu.net	888_toplulu
com@toplulu.net	com_toplulu
dodo@toplulu.net	dodo_toplulu
tiger@toplulu.net	tiger_toplulu
cj_huang@trinusys.com	cj_huang_trinusys
jeff_chen@trinusys.com	jeff_chen_trinusys
jinlon_lin@trinusys.com	jinlon_lin_trinusys
sales@trinusys.com	sales_trinusys
amy@tronlink.com.tw	amy_tronlink
angel@tronlink.com.tw	angel_tronlink
anne@tronlink.com.tw	anne_tronlink
annyta@tronlink.com.tw	annyta_tronlink
benjamin@tronlink.com.tw	benjamin_tronlink
charles_lu@tronlink.com.tw	charles_lu_tronlink
dabby@tronlink.com.tw	dabby_tronlink
eagle@tronlink.com.tw	eagle_tronlink
franklee@tronlink.com.tw	franklee_tronlink
fuliang@tronlink.com.tw	fuliang_tronlink
fun@tronlink.com.tw	fun_tronlink
isaac@tronlink.com.tw	isaac_tronlink
jackson@tronlink.com.tw	jackson_tronlink
jason@tronlink.com.tw	jason_tronlink
jr.lin@tronlink.com.tw	jr.lin_tronlink
jui@tronlink.com.tw	jui_tronlink
lai@tronlink.com.tw	lai_tronlink
lank@tronlink.com.tw	lank_tronlink
leon@tronlink.com.tw	leon_tronlink
lihger@tronlink.com.tw	lihger_tronlink
lsy@tronlink.com.tw	lsy_tronlink
mei@tronlink.com.tw	mei_tronlink
nicole@tronlink.com.tw	nicole_tronlink
pameli@tronlink.com.tw	pameli_tronlink
paul@tronlink.com.tw	paul_tronlink
shelley@tronlink.com.tw	shelley_tronlink
ted@tronlink.com.tw	ted_tronlink
vic@tronlink.com.tw	vic_tronlink
willie@tronlink.com.tw	willie_tronlink
yang@tronlink.com.tw	yang_tronlink
ying@tronlink.com.tw	ying_tronlink
yuming@tronlink.com.tw	yuming_tronlink
zack@tronlink.com.tw	zack_tronlink
allen@tronstar.com.tw	allen_tronstar
evelyn@tronstar.com.tw	evelyn_tronstar
jessica@tronstar.com.tw	jessica_tronstar
sales@tronstar.com.tw	sales_tronstar
tronstar@tronstar.com.tw	tronstar_tronstar
amy-wu@tw-tpi.com.tw	amy-wu_tw-tpi
betty-ho@tw-tpi.com.tw	betty-ho_tw-tpi
philchong@tw-tpi.com.tw	philchong_tw-tpi
se-chao@tw-tpi.com.tw	se-chao_tw-tpi
tpi@tw-tpi.com.tw	tpi_tw-tpi
wy-chong@tw-tpi.com.tw	wy-chong_tw-tpi
gill@unicomes.com.tw	gill_unicomes
johnny@unicomes.com.tw	johnny_unicomes
owen@unicomes.com.tw	owen_unicomes
peggy@unicomes.com.tw	peggy_unicomes
rick@unicomes.com.tw	rick_unicomes
jo@vang.com.tw	jo_vang
kathy@vang.com.tw	kathy_vang
rachel@vang.com.tw	rachel_vang
tpe@vang.com.tw	tpe_vang
txg@vang.com.tw	txg_vang
amy@vantectw.com	amy_vantectw
bobby@vantectw.com	bobby_vantectw
cindy@vantectw.com	cindy_vantectw
cs@vantectw.com	cs_vantectw
david@vantectw.com	david_vantectw
erica@vantectw.com	erica_vantectw
iren@vantectw.com	iren_vantectw
jarod@vantectw.com	jarod_vantectw
jay@vantectw.com	jay_vantectw
jerry@vantectw.com	jerry_vantectw
king@vantectw.com	king_vantectw
louis@vantectw.com	louis_vantectw
ricky@vantectw.com	ricky_vantectw
sales@vantectw.com	sales_vantectw
sally@vantectw.com	sally_vantectw
steven@vantectw.com	steven_vantectw
tommy@vantectw.com	tommy_vantectw
yuron@vantectw.com	yuron_vantectw
ahda@vaxcel.com.tw	ahda_vaxcel
amy@vaxcel.com.tw	amy_vaxcel
belle@vaxcel.com.tw	belle_vaxcel
beta@vaxcel.com.tw	beta_vaxcel
chia-teh@vaxcel.com.tw	chia-teh_vaxcel
chris@vaxcel.com.tw	chris_vaxcel
claire@vaxcel.com.tw	claire_vaxcel
ct@vaxcel.com.tw	ct_vaxcel
cynthia@vaxcel.com.tw	cynthia_vaxcel
daniel@vaxcel.com.tw	daniel_vaxcel
elyse@vaxcel.com.tw	elyse_vaxcel
emily@vaxcel.com.tw	emily_vaxcel
eric@vaxcel.com.tw	eric_vaxcel
eva@vaxcel.com.tw	eva_vaxcel
grace@vaxcel.com.tw	grace_vaxcel
jacky@vaxcel.com.tw	jacky_vaxcel
jasmine@vaxcel.com.tw	jasmine_vaxcel
jason@vaxcel.com.tw	jason_vaxcel
jeffery@vaxcel.com.tw	jeffery_vaxcel
johnson@vaxcel.com.tw	johnson_vaxcel
kathy@vaxcel.com.tw	kathy_vaxcel
kent@vaxcel.com.tw	kent_vaxcel
lily@vaxcel.com.tw	lily_vaxcel
lumirack@vaxcel.com.tw	lumirack_vaxcel
maggie@vaxcel.com.tw	maggie_vaxcel
michael@vaxcel.com.tw	michael_vaxcel
mico@vaxcel.com.tw	mico_vaxcel
monica@vaxcel.com.tw	monica_vaxcel
patty@vaxcel.com.tw	patty_vaxcel
service@vaxcel.com.tw	service_vaxcel
tammy@vaxcel.com.tw	tammy_vaxcel
teresa@vaxcel.com.tw	teresa_vaxcel
terry@vaxcel.com.tw	terry_vaxcel
thomas@vaxcel.com.tw	thomas_vaxcel
whyne@vaxcel.com.tw	whyne_vaxcel
william@vaxcel.com.tw	william_vaxcel
wilson@vaxcel.com.tw	wilson_vaxcel
grace@victorylink.com.tw	grace_victorylink
info@victorylink.com.tw	info_victorylink
peggy@victorylink.com.tw	peggy_victorylink
rachel-chiu@victorylink.com.tw	rachel-chiu_victorylink
rebecca@victorylink.com.tw	rebecca_victorylink
sales2@victorylink.com.tw	sales2_victorylink
sales3@victorylink.com.tw	sales3_victorylink
tzuyei@victorylink.com.tw	tzuyei_victorylink
airport.tpe@vietnamairlines.com.tw	airport.tpe_vietnamairlines
airporttpe@vietnamairlines.com.tw	airporttpe_vietnamairlines
airport_tpe@vietnamairlines.com.tw	airport_tpe_vietnamairlines
carol@vietnamairlines.com.tw	carol_vietnamairlines
glp@vietnamairlines.com.tw	glp_vietnamairlines
nancy@vietnamairlines.com.tw	nancy_vietnamairlines
evan@vos.org.tw	evan_vos
ifl@vos.org.tw	ifl_vos
prog@vos.org.tw	prog_vos
vos@vos.org.tw	vos_vos
wang@vos.org.tw	wang_vos
acebudo@wcorp.net	acebudo_wcorp
budox@wcorp.net	budox_wcorp
essen@wcorp.net	essen_wcorp
hychan@wcorp.net	hychan_wcorp
rosa@wcorp.net	rosa_wcorp
amy@webwatch.com.tw	amy_webwatch
anita@webwatch.com.tw	anita_webwatch
candy@webwatch.com.tw	candy_webwatch
grace@webwatch.com.tw	grace_webwatch
karen@webwatch.com.tw	karen_webwatch
otto@webwatch.com.tw	otto_webwatch
sales@webwatch.com.tw	sales_webwatch
webwatch@webwatch.com.tw	webwatch_webwatch
ailsa@well.com.tw	ailsa_well
cherrie@well.com.tw	cherrie_well
christer@well.com.tw	christer_well
david@well.com.tw	david_well
din@well.com.tw	din_well
donna@well.com.tw	donna_well
eric@well.com.tw	eric_well
fanny@well.com.tw	fanny_well
grace@well.com.tw	grace_well
hhc@well.com.tw	hhc_well
irene@well.com.tw	irene_well
kevin@well.com.tw	kevin_well
lee@well.com.tw	lee_well
lhy@well.com.tw	lhy_well
lisa@well.com.tw	lisa_well
lucy@well.com.tw	lucy_well
maggie@well.com.tw	maggie_well
mandy@well.com.tw	mandy_well
mei@well.com.tw	mei_well
mp@well.com.tw	mp_well
nancy@well.com.tw	nancy_well
nhu@well.com.tw	nhu_well
phong@well.com.tw	phong_well
ricky@well.com.tw	ricky_well
ruby@well.com.tw	ruby_well
shyang@well.com.tw	shyang_well
sunny@well.com.tw	sunny_well
thao@well.com.tw	thao_well
thomas@well.com.tw	thomas_well
todd@well.com.tw	todd_well
tony@well.com.tw	tony_well
well@well.com.tw	well_well
wendy@well.com.tw	wendy_well
xiao@well.com.tw	xiao_well
akcool0520@wensong.com.tw	akcool0520_wensong
amy@wensong.com.tw	amy_wensong
jeanpaul@wensong.com.tw	jeanpaul_wensong
lin@wensong.com.tw	lin_wensong
sales@wensong.com.tw	sales_wensong
finance@whitehorse.com.tw	finance_whitehorse
gm@whitehorse.com.tw	gm_whitehorse
hr@whitehorse.com.tw	hr_whitehorse
mis@whitehorse.com.tw	mis_whitehorse
purchase@whitehorse.com.tw	purchase_whitehorse
rita@whitehorse.com.tw	rita_whitehorse
secretary@whitehorse.com.tw	secretary_whitehorse
whitehorse@whitehorse.com.tw	whitehorse_whitehorse
fairy@winaccord.com.tw	fairy_winaccord
henry@winaccord.com.tw	henry_winaccord
joan@winaccord.com.tw	joan_winaccord
julia@winaccord.com.tw	julia_winaccord
kelly@winaccord.com.tw	kelly_winaccord
peggy@winaccord.com.tw	peggy_winaccord
redyyen@winaccord.com.tw	redyyen_winaccord
tracy@winaccord.com.tw	tracy_winaccord
angs@winshen.com.tw	angs_winshen
ivy@winshen.com.tw	ivy_winshen
may@winshen.com.tw	may_winshen
meg@winshen.com.tw	meg_winshen
service@winshen.com.tw	service_winshen
francis@winstream.com.tw	francis_winstream
ivy@winstream.com.tw	ivy_winstream
kay@winstream.com.tw	kay_winstream
kcl@winstream.com.tw	kcl_winstream
paul@winstream.com.tw	paul_winstream
rachelle@winstream.com.tw	rachelle_winstream
rita@winstream.com.tw	rita_winstream
sonja@winstream.com.tw	sonja_winstream
sophie@winstream.com.tw	sophie_winstream
venus@winstream.com.tw	venus_winstream
yingche@winstream.com.tw	yingche_winstream
zaki@winstream.com.tw	zaki_winstream
arther@winstron.com	arther_winstron
carey@winstron.com	carey_winstron
eric@winstron.com	eric_winstron
francis@winstron.com	francis_winstron
jack@winstron.com	jack_winstron
kay@winstron.com	kay_winstron
steven@winstron.com	steven_winstron
tina@winstron.com	tina_winstron
tony@winstron.com	tony_winstron
victor@winstron.com	victor_winstron
ada_tseng@wking.com.tw	ada_tseng_wking
clchang@wking.com.tw	clchang_wking
richard_wu@wking.com.tw	richard_wu_wking
betty@workmen.com.tw	betty_workmen
gobby068@workmen.com.tw	gobby068_workmen
jacky@workmen.com.tw	jacky_workmen
jackywei@workmen.com.tw	jackywei_workmen
jason@workmen.com.tw	jason_workmen
max.tower@workmen.com.tw	max.tower_workmen
may399@workmen.com.tw	may399_workmen
mpowerx5@workmen.com.tw	mpowerx5_workmen
peggy@workmen.com.tw	peggy_workmen
riva@workmen.com.tw	riva_workmen
workmenks@workmen.com.tw	workmenks_workmen
workmen_ch@workmen.com.tw	workmen_ch_workmen
yujulee@workmen.com.tw	yujulee_workmen
aimei@worldtech.com.tw	aimei_worldtech
alice@worldtech.com.tw	alice_worldtech
amyyeh@worldtech.com.tw	amyyeh_worldtech
andy@worldtech.com.tw	andy_worldtech
angel@worldtech.com.tw	angel_worldtech
bluemaymay@worldtech.com.tw	bluemaymay_worldtech
carrie@worldtech.com.tw	carrie_worldtech
casper@worldtech.com.tw	casper_worldtech
chris@worldtech.com.tw	chris_worldtech
daleyu@worldtech.com.tw	daleyu_worldtech
daphne@worldtech.com.tw	daphne_worldtech
e-how@worldtech.com.tw	e-how_worldtech
eddie@worldtech.com.tw	eddie_worldtech
eri@worldtech.com.tw	eri_worldtech
eric@worldtech.com.tw	eric_worldtech
gillian@worldtech.com.tw	gillian_worldtech
grace@worldtech.com.tw	grace_worldtech
hsc@worldtech.com.tw	hsc_worldtech
hsiung@worldtech.com.tw	hsiung_worldtech
hyt@worldtech.com.tw	hyt_worldtech
iris@worldtech.com.tw	iris_worldtech
ivylai@worldtech.com.tw	ivylai_worldtech
jacky@worldtech.com.tw	jacky_worldtech
janicechen@worldtech.com.tw	janicechen_worldtech
jeremy@worldtech.com.tw	jeremy_worldtech
jerry@worldtech.com.tw	jerry_worldtech
jessica@worldtech.com.tw	jessica_worldtech
joanne@worldtech.com.tw	joanne_worldtech
jonathan@worldtech.com.tw	jonathan_worldtech
joyce@worldtech.com.tw	joyce_worldtech
kelly@worldtech.com.tw	kelly_worldtech
lillian@worldtech.com.tw	lillian_worldtech
lio@worldtech.com.tw	lio_worldtech
lisa@worldtech.com.tw	lisa_worldtech
mark@worldtech.com.tw	mark_worldtech
martin@worldtech.com.tw	martin_worldtech
masterli@worldtech.com.tw	masterli_worldtech
may@worldtech.com.tw	may_worldtech
minhua@worldtech.com.tw	minhua_worldtech
montell@worldtech.com.tw	montell_worldtech
nico@worldtech.com.tw	nico_worldtech
ronald@worldtech.com.tw	ronald_worldtech
roy@worldtech.com.tw	roy_worldtech
sam@worldtech.com.tw	sam_worldtech
service@worldtech.com.tw	service_worldtech
shatin@worldtech.com.tw	shatin_worldtech
shin@worldtech.com.tw	shin_worldtech
stevenchang@worldtech.com.tw	stevenchang_worldtech
su-e-e@worldtech.com.tw	su-e-e_worldtech
susan@worldtech.com.tw	susan_worldtech
tami@worldtech.com.tw	tami_worldtech
teresa@worldtech.com.tw	teresa_worldtech
tina@worldtech.com.tw	tina_worldtech
tommy@worldtech.com.tw	tommy_worldtech
tracy@worldtech.com.tw	tracy_worldtech
tsao@worldtech.com.tw	tsao_worldtech
vincent@worldtech.com.tw	vincent_worldtech
vivi@worldtech.com.tw	vivi_worldtech
wallace@worldtech.com.tw	wallace_worldtech
william@worldtech.com.tw	william_worldtech
yvonne@worldtech.com.tw	yvonne_worldtech
aimei@worldwise.com.tw	aimei_worldwise
alice@worldwise.com.tw	alice_worldwise
amyyeh@worldwise.com.tw	amyyeh_worldwise
andy@worldwise.com.tw	andy_worldwise
angel@worldwise.com.tw	angel_worldwise
bluemaymay@worldwise.com.tw	bluemaymay_worldwise
chris@worldwise.com.tw	chris_worldwise
daleyu@worldwise.com.tw	daleyu_worldwise
e-how@worldwise.com.tw	e-how_worldwise
eri@worldwise.com.tw	eri_worldwise
eric@worldwise.com.tw	eric_worldwise
event@worldwise.com.tw	event_worldwise
fanny@worldwise.com.tw	fanny_worldwise
grace@worldwise.com.tw	grace_worldwise
hsc@worldwise.com.tw	hsc_worldwise
hsiung@worldwise.com.tw	hsiung_worldwise
hyt@worldwise.com.tw	hyt_worldwise
iris@worldwise.com.tw	iris_worldwise
jacky@worldwise.com.tw	jacky_worldwise
joanne@worldwise.com.tw	joanne_worldwise
jonathan@worldwise.com.tw	jonathan_worldwise
joyce@worldwise.com.tw	joyce_worldwise
market@worldwise.com.tw	market_worldwise
minhua@worldwise.com.tw	minhua_worldwise
ronald@worldwise.com.tw	ronald_worldwise
roy@worldwise.com.tw	roy_worldwise
shatin@worldwise.com.tw	shatin_worldwise
shin@worldwise.com.tw	shin_worldwise
susan@worldwise.com.tw	susan_worldwise
tami@worldwise.com.tw	tami_worldwise
teresa@worldwise.com.tw	teresa_worldwise
tina@worldwise.com.tw	tina_worldwise
tommy@worldwise.com.tw	tommy_worldwise
tracy@worldwise.com.tw	tracy_worldwise
vivi@worldwise.com.tw	vivi_worldwise
wallace@worldwise.com.tw	wallace_worldwise
william@worldwise.com.tw	william_worldwise
jeff_fan@x-fragrance.com.tw	jeff_fan_x-fragrance
service@x-fragrance.com.tw	service_x-fragrance
aifaye@xiertek.com.tw	aifaye_xiertek
amy@xiertek.com.tw	amy_xiertek
andy@xiertek.com.tw	andy_xiertek
angel@xiertek.com.tw	angel_xiertek
george@xiertek.com.tw	george_xiertek
james@xiertek.com.tw	james_xiertek
jerry@xiertek.com.tw	jerry_xiertek
joyce@xiertek.com.tw	joyce_xiertek
lisa@xiertek.com.tw	lisa_xiertek
lsm@xiertek.com.tw	lsm_xiertek
rita@xiertek.com.tw	rita_xiertek
ruru@xiertek.com.tw	ruru_xiertek
simon@xiertek.com.tw	simon_xiertek
twsales@xiertek.com.tw	twsales_xiertek
afa@yan-kuan.com.tw	afa_yan-kuan
jeter@yan-kuan.com.tw	jeter_yan-kuan
kodama@yan-kuan.com.tw	kodama_yan-kuan
ksir@yan-kuan.com.tw	ksir_yan-kuan
lin@yan-kuan.com.tw	lin_yan-kuan
lisa@yan-kuan.com.tw	lisa_yan-kuan
rose@yan-kuan.com.tw	rose_yan-kuan
t.kodama@yan-kuan.com.tw	t.kodama_yan-kuan
ting@yan-kuan.com.tw	ting_yan-kuan
yichia@yichia.com.tw	yichia_yichia
david@yotek.com.tw	david_yotek
eric@yotek.com.tw	eric_yotek
hung@yotek.com.tw	hung_yotek
jason@yotek.com.tw	jason_yotek
linda@yotek.com.tw	linda_yotek
max@yotek.com.tw	max_yotek
philip@yotek.com.tw	philip_yotek
robin@yotek.com.tw	robin_yotek
ruth@yotek.com.tw	ruth_yotek
sales@yotek.com.tw	sales_yotek
sam@yotek.com.tw	sam_yotek
thomas@yotek.com.tw	thomas_yotek
abui@yuisheng.com.tw	abui_yuisheng
brian.huang@yuisheng.com.tw	brian.huang_yuisheng
c.h.chang@yuisheng.com.tw	c.h.chang_yuisheng
kevin@yuisheng.com.tw	kevin_yuisheng
maximum@yuisheng.com.tw	maximum_yuisheng
sales@yuisheng.com.tw	sales_yuisheng
miki@zchao.com.tw	miki_zchao
ac@zeninc.com.tw	ac_zeninc
ak@zeninc.com.tw	ak_zeninc
bingo@zeninc.com.tw	bingo_zeninc
su@zeninc.com.tw	su_zeninc
zeninc@zeninc.com.tw	zeninc_zeninc
hnen@ztek.com.tw	hnen_ztek
info@ztek.com.tw	info_ztek
jason@ztek.com.tw	jason_ztek
markchiu@ztek.com.tw	markchiu_ztek
monnicamon@ztek.com.tw	monnicamon_ztek
vishen@ztek.com.tw	vishen_ztek
