accordrs@fukunaga.com.tw
ogawa@fukunaga.com.tw
sam@fukunaga.com.tw
fukumoto@fukunaga.com.tw
yariya@fukunaga.com.tw
sato@fukunaga.com.tw
fukunaga@fukunaga.com.tw
andy@fukunaga.com.tw
wei-lan@fukunaga.com.tw
yamaoka@fukunaga.com.tw
hws@hws.com.tw
maggie@hws.com.tw
charle@hws.com.tw
cindy@hws.com.tw
tseng@ruody.com.tw
van@ruody.com.tw
boss@ruody.com.tw
account@ruody.com.tw
mimi@ruody.com.tw
debbie@ruody.com.tw
ruody@ruody.com.tw
thomas@envinex.com.tw
rex@envinex.com.tw
sales@envinex.com.tw
envinex@envinex.com.tw
eric@envinex.com.tw
chad@envinex.com.tw
stanley@envinex.com.tw
sarah@envinex.com.tw
winaccord@winaccord.com.tw
diane@winaccord.com.tw
irene@winaccord.com.tw
peggy@winaccord.com.tw
fairy@winaccord.com.tw
kelly@winaccord.com.tw
tina@winaccord.com.tw
michelle@winaccord.com.tw
slin@winaccord.com.tw
redyyen@winaccord.com.tw
mike@winaccord.com.tw
henry@winaccord.com.tw
judy@winaccord.com.tw
linda@winaccord.com.tw
jessica@focuslight.com
rd@focuslight.com
bl@focuslight.com
fmeng@focuslight.com
gary@focuslight.com
doris@focuslight.com
yako@focuslight.com
oddy@focuslight.com
acct@focuslight.com
sam-yeh@focuslight.com
focuslight@focuslight.com
kemin@focuslight.com
karen@focuslight.com
dennis@hilltop.com.tw
chienfang@hilltop.com.tw
amy@hilltop.com.tw
lmh@hilltop.com.tw
service@hilltop.com.tw
mars@hilltop.com.tw
vicky@hilltop.com.tw
edi@hilltop.com.tw
stella@hilltop.com.tw
lct@hilltop.com.tw
kelly@hilltop.com.tw
love@hilltop.com.tw
tiffeny@hilltop.com.tw
jamila@hilltop.com.tw
jack@hilltop.com.tw
shipping@hilltop.com.tw
james@hilltop.com.tw
peter@hilltop.com.tw
jenny@hilltop.com.tw
terry@hilltop.com.tw
joanne@hilltop.com.tw
hilltop@hilltop.com.tw
apple@hilltop.com.tw
belinda@hilltop.com.tw
alice@cypac.com.tw
reese@cypac.com.tw
mintarja@cypac.com.tw
peiching@cypac.com.tw
jean@cypac.com.tw
purple@cypac.com.tw
denny@cypac.com.tw
cypac@cypac.com.tw
alexl@heli-ocean.com.tw
v5@heli-ocean.com.tw
allenl@heli-ocean.com.tw
andyl@heli-ocean.com.tw
yeavone@heli-ocean.com.tw
joyceh@heli-ocean.com.tw
beauc@heli-ocean.com.tw
jasonw@heli-ocean.com.tw
vivianl@heli-ocean.com.tw
kylec@heli-ocean.com.tw
kevinh@heli-ocean.com.tw
dickc@heli-ocean.com.tw
allenh@heli-ocean.com.tw
patrickl@heli-ocean.com.tw
zoe@heli-ocean.com.tw
hsing@heli-ocean.com.tw
arthurh@heli-ocean.com.tw
huiping@heli-ocean.com.tw
service@heli-ocean.com.tw
bess@heli-ocean.com.tw
amyw@heli-ocean.com.tw
rainey@heli-ocean.com.tw
max@heli-ocean.com.tw
davidf@heli-ocean.com.tw
mayc@heli-ocean.com.tw
arma@heli-ocean.com.tw
paul@heli-ocean.com.tw
shun@heli-ocean.com.tw
sales@heli-ocean.com.tw
teresa@heli-ocean.com.tw
jackt@heli-ocean.com.tw
davidc@heli-ocean.com.tw
chris@heli-ocean.com.tw
doris@heli-ocean.com.tw
heli-ocean@heli-ocean.com.tw
agnes@heli-ocean.com.tw
yvonne@heli-ocean.com.tw
joanna@heli-ocean.com.tw
tammyc@heli-ocean.com.tw
jenny@heli-ocean.com.tw
terry@heli-ocean.com.tw
wendy@heli-ocean.com.tw
bonnieh@heli-ocean.com.tw
alex@heli-ocean.com.tw
clchu64@heli-ocean.com.tw
wallace@heli-ocean.com.tw
martinl@heli-ocean.com.tw
tomaske@heli-ocean.com.tw
robert@heli-ocean.com.tw
jensen@heli-ocean.com.tw
kenton@heli-ocean.com.tw
stevel@heli-ocean.com.tw
joe945kimo@inktec.com.tw
service@inktec.com.tw
dkhotalan@inktec.com.tw
kama530@inktec.com.tw
inktec@inktec.com.tw
jojo5568@inktec.com.tw
selcuk@imc-international.biz
imc-international@imc-international.biz
joyce@imc-international.biz
faruk@imc-international.biz
123@rus-tek.com
toy@rus-tek.com
sam@rus-tek.com
rose@rus-tek.com
hiroshi@rus-tek.com
rus-tek@rus-tek.com
jack@rus-tek.com
fred@rus-tek.com
tandy@rus-tek.com
simon@rus-tek.com
tim@burkle.com.tw
debby@burkle.com.tw
burkle@burkle.com.tw
phil@burkle.com.tw
fenny@burkle.com.tw
jimmy@burkle.com.tw
william@yuesn.com.tw
cherry@yuesn.com.tw
tony@yuesn.com.tw
daisy@yuesn.com.tw
lisa@yuesn.com.tw
mico@yuesn.com.tw
lida@yuesn.com.tw
eric@yuesn.com.tw
coby@yuesn.com.tw
jamie@yuesn.com.tw
steven@yuesn.com.tw
lanlan@er-opto.com
xiaoxia@er-opto.com
er-opto@er-opto.com
eddie@er-opto.com
snow@er-opto.com
mary@er-opto.com
ray@er-opto.com
sales-wx@er-opto.com
anne@er-opto.com
tiffany@er-opto.com
brol@er-opto.com
yoyo@er-opto.com
jack@er-opto.com
sales-tpe@er-opto.com
sales-szu@er-opto.com
katty@er-opto.com
andy@er-opto.com
kitty@er-opto.com
lily@er-opto.com
peifeng@er-opto.com
sales-sgp@er-opto.com
vanessa@er-opto.com
swallow@er-opto.com
kelvin@er-opto.com
vivian@schmid-taiwan.com
vicki@schmid-taiwan.com
thomas@schmid-taiwan.com
angel@schmid-taiwan.com
schmid-taiwan@schmid-taiwan.com
sue@schmid-taiwan.com
ava@schmid-taiwan.com
cwuerth@schmid-taiwan.com
carlson@schmid-taiwan.com
maggie@schmid-taiwan.com
mio@schmid-taiwan.com
johnny@schmid-taiwan.com
service-stl@schmid-taiwan.com
monica@schmid-taiwan.com
tft-service@schmid-taiwan.com
hciou@schmid-taiwan.com
wells@schmid-taiwan.com
guenter@schmid-taiwan.com
chen@schmid-taiwan.com
eric@schmid-taiwan.com
wendy@schmid-taiwan.com
storehouse@schmid-taiwan.com
cathy@schmid-taiwan.com
alex@schmid-taiwan.com
isis@schmid-taiwan.com
angelika@schmid-taiwan.com
stl-service@schmid-taiwan.com
josie@schmid-taiwan.com
kevin@schmid-taiwan.com
herman@schmid-taiwan.com
winki@schmid-taiwan.com
simon@schmid-taiwan.com
erwin@schmid-taiwan.com
jason@schmid-taiwan.com
top-player@top-player.com.tw
julia@top-player.com.tw
sam@top-player.com.tw
vortex@top-player.com.tw
v-shop@top-player.com.tw
joanne@top-player.com.tw
wsb@wsb.com.tw
tina@wsb.com.tw
shiuan-yi@wsb.com.tw
lily@wsb.com.tw
jackchang@bridging.com.tw
barrywu@bridging.com.tw
debbiehuang@bridging.com.tw
debbiechiu@bridging.com.tw
thomas.chang@bridging.com.tw
bridging@bridging.com.tw
sunnie.wu@bridging.com.tw
tina@mail.howard.com.tw
howard@mail.howard.com.tw
mail@mail.howard.com.tw
nancy@mail.howard.com.tw
karen@mail.howard.com.tw
service@cherting.com.tw
eric@cherting.com.tw
bruce@cherting.com.tw
cherting@cherting.com.tw
ad123a@cherting.com.tw
jessica@goldenco.com.tw
goldenco@goldenco.com.tw
lin@goldenco.com.tw
mikechu@goldenco.com.tw
sandy@goldenco.com.tw
juliana@goldenco.com.tw
flora@goldenco.com.tw
cheryl@goldenco.com.tw
oxmoxfareast@oxmoxfareast.com
steffi@oxmoxfareast.com
aura@oxmoxfareast.com
axel@oxmoxfareast.com
donna@oxmoxfareast.com
maximum@yuisheng.com.tw
rosannali@yuisheng.com.tw
eva@yuisheng.com.tw
joyceliu@yuisheng.com.tw
hck@yuisheng.com.tw
monica@yuisheng.com.tw
sales@yuisheng.com.tw
minghui@yuisheng.com.tw
brian.huang@yuisheng.com.tw
sunny@yuisheng.com.tw
standly@yuisheng.com.tw
vanessa@yuisheng.com.tw
kevin@yuisheng.com.tw
yuisheng@yuisheng.com.tw
julia@fujisani.com
sue@fujisani.com
fuji@fujisani.com
johnson@fujisani.com
fujisani@fujisani.com
mar.lydia@tftctw.com.tw
ctchen@tftctw.com.tw
mar.ann@tftctw.com.tw
tech.bhtu@tftctw.com.tw
pur.zoey@tftctw.com.tw
mar.grace@tftctw.com.tw
tftctw@tftctw.com.tw
leonyu@sinnyelectronics.com
service@sinnyelectronics.com
infor@sinnyelectronics.com
davidyang@sinnyelectronics.com
barry lin@sinnyelectronics.com
andysui@sinnyelectronics.com
davidkuo@sinnyelectronics.com
sinnyelectronics@sinnyelectronics.com
wingman@wingman.com.tw
angus.sung@wingman.com.tw
rio.peng@wingman.com.tw
princess.fu@wingman.com.tw
ano.yen@wingman.com.tw
fiona.fu@wingman.com.tw
roy.gun@wingman.com.tw
tania.cheng@wingman.com.tw
alto.tsai@wingman.com.tw
simon.wu@wingman.com.tw
darwin.tong@mritaiwan.com
mritaiwan@mritaiwan.com
sean.gao@mritaiwan.com
csljade@csljade.com
justin.liang@tgenergy.com.tw
kjchen@tgenergy.com.tw
charles.liu@tgenergy.com.tw
paigood.chu@tgenergy.com.tw
naish@tgenergy.com.tw
franktsao@tgenergy.com.tw
edith.chiang@tgenergy.com.tw
cflee@tgenergy.com.tw
charles.chen@tgenergy.com.tw
hw.lee@tgenergy.com.tw
julie@tgenergy.com.tw
winnerlin@tgenergy.com.tw
joseph.wu@tgenergy.com.tw
nanchilee@tgenergy.com.tw
johnson.hsieh@tgenergy.com.tw
wshou@tgenergy.com.tw
jfwang@tgenergy.com.tw
alexyang@tgenergy.com.tw
chaoanlee@tgenergy.com.tw
tsliu@tgenergy.com.tw
michael.lin@tgenergy.com.tw
daniel_cc@tgenergy.com.tw
yen-chang.chen@tgenergy.com.tw
tgenergy@tgenergy.com.tw
wu.hippo@tgenergy.com.tw
chien-liang.wang@tgenergy.com.tw
boriswu@tgenergy.com.tw
thomasshyu@tgenergy.com.tw
josh.chang@tgenergy.com.tw
candy.chou@tgenergy.com.tw
bibo.wang@tgenergy.com.tw
tommy.hour@tgenergy.com.tw
stevenlo@tgenergy.com.tw
allen@sencun.com.tw
sencun@sencun.com.tw
amy@sencun.com.tw
dean@sencun.com.tw
elvis@sencun.com.tw
andy@sencun.com.tw
keven@sencun.com.tw
dr@nytaps.com.tw
pro@nytaps.com.tw
nurse@nytaps.com.tw
nytaps@nytaps.com.tw
wking@wking.com.tw
clchang@wking.com.tw
ada_tseng@wking.com.tw
richard_wu@wking.com.tw
louis_wu@wking.com.tw
editor@polarisbook.com
service@polarisbook.com
polarisbook@polarisbook.com
magnet@magnet.com.tw
jimchang@magnet.com.tw
service@magnet.com.tw
jan@magnet.com.tw
marx@magnet.com.tw
kelly@magnet.com.tw
milo@magnet.com.tw
ivan@magnet.com.tw
alissa@magnet.com.tw
alan@magnet.com.tw
yvonne@magnet.com.tw
keke@magnet.com.tw
maruko@magnet.com.tw
joyce@magnet.com.tw
david@magnet.com.tw
annie@magnet.com.tw
kerin@magnet.com.tw
tarker@magnet.com.tw
service@bigdoor.cc
bigdoor@bigdoor.cc
yu@penmotors.com.tw
william@penmotors.com.tw
tseng@penmotors.com.tw
anniechen@penmotors.com.tw
wen@penmotors.com.tw
yen@penmotors.com.tw
gary@penmotors.com.tw
suny@penmotors.com.tw
car@penmotors.com.tw
wang@penmotors.com.tw
anne@penmotors.com.tw
jack@penmotors.com.tw
jean@penmotors.com.tw
penmotors@penmotors.com.tw
goolu@penmotors.com.tw
ss135750@penmotors.com.tw
olivia@penmotors.com.tw
david@penmotors.com.tw
hubert@penmotors.com.tw
steven@penmotors.com.tw
allan@dkms.com.tw
cflee@dkms.com.tw
yc2005@dkms.com.tw
dkms@dkms.com.tw
charleyyang@dkms.com.tw
hweinan@dkms.com.tw
ws2005@dkms.com.tw
tsandy@dkms.com.tw
swcheng@dkms.com.tw
tpe@smoothtour.com.tw
ilan@smoothtour.com.tw
smoothtour@smoothtour.com.tw
job@taiwaninfo.com.tw
news@taiwaninfo.com.tw
info@taiwaninfo.com.tw
taiwaninfo@taiwaninfo.com.tw
jason@taiwaninfo.com.tw
psu@cmax.com.tw
dolly@cmax.com.tw
gina@cmax.com.tw
vhuang@cmax.com.tw
sales@cmax.com.tw
otto@cmax.com.tw
christine@cmax.com.tw
james@cmax.com.tw
cmax@cmax.com.tw
nancy@cmax.com.tw
sweder@cmax.com.tw
caroline@heliopolis.com.tw
noriko@heliopolis.com.tw
chungwutsai@heliopolis.com.tw
amylin@heliopolis.com.tw
huiyi@heliopolis.com.tw
sharonlin@heliopolis.com.tw
aniki@heliopolis.com.tw
yu@heliopolis.com.tw
qmay926@heliopolis.com.tw
clara@heliopolis.com.tw
cheng@heliopolis.com.tw
hungsm@heliopolis.com.tw
clare@heliopolis.com.tw
michael@heliopolis.com.tw
anita@heliopolis.com.tw
ann@heliopolis.com.tw
service@heliopolis.com.tw
fishjoy@heliopolis.com.tw
yufang@heliopolis.com.tw
vicky@heliopolis.com.tw
mint@heliopolis.com.tw
fangfang@heliopolis.com.tw
tony@heliopolis.com.tw
ruthkao@heliopolis.com.tw
chungyun@heliopolis.com.tw
vera@heliopolis.com.tw
oogenki@heliopolis.com.tw
evon@heliopolis.com.tw
juno@heliopolis.com.tw
angela@heliopolis.com.tw
heliopolis@heliopolis.com.tw
christine@heliopolis.com.tw
jill@heliopolis.com.tw
lupeili0731@heliopolis.com.tw
carrie@heliopolis.com.tw
trudy@heliopolis.com.tw
ycchang@heliopolis.com.tw
bonnie@heliopolis.com.tw
kellynien2888@heliopolis.com.tw
seven@heliopolis.com.tw
tomoko@heliopolis.com.tw
wilson588888@heliopolis.com.tw
chunlin@heliopolis.com.tw
jimmychang@heliopolis.com.tw
nitaliu@heliopolis.com.tw
vivian@fapro.com.tw
chigo@fapro.com.tw
public@fapro.com.tw
mark@fapro.com.tw
eric@fapro.com.tw
jimmy@fapro.com.tw
kevin@fapro.com.tw
fapro@fapro.com.tw
bbqtp@bbqtp.com.tw
clia@clia.com.tw
ellen@hpctaiwan.com
hpc@hpctaiwan.com
hpctaiwan@hpctaiwan.com
christine@hpctaiwan.com
jeff@hpctaiwan.com
samuel@hpctaiwan.com
standly@hpctaiwan.com
joyce@hpctaiwan.com
kevin@hpctaiwan.com
pichen@sentravel.com.tw
robin@sentravel.com.tw
sherry@sentravel.com.tw
auliwa@sentravel.com.tw
piggy@sentravel.com.tw
vita@sentravel.com.tw
mailbox@sentravel.com.tw
operation@sentravel.com.tw
arnold@sentravel.com.tw
christina@sentravel.com.tw
jean@sentravel.com.tw
daiven@sentravel.com.tw
sammi@sentravel.com.tw
alumi@sentravel.com.tw
jason@sentravel.com.tw
hotpops@hotpops.com.tw
maggie@hotpops.com.tw
cherry@hotpops.com.tw
way@hotpops.com.tw
max@hotpops.com.tw
emma@hotpops.com.tw
dino@hotpops.com.tw
jean@hotpops.com.tw
fins@fins.com.tw
0800889000@0800889000.com.tw
jessica@neomed.com.tw
justine@neomed.com.tw
boblin@neomed.com.tw
evilufox@neomed.com.tw
amy@neomed.com.tw
nicknick@neomed.com.tw
joseph@neomed.com.tw
wen@neomed.com.tw
may@neomed.com.tw
janice@neomed.com.tw
tina@neomed.com.tw
risa@neomed.com.tw
aries@neomed.com.tw
sophia@neomed.com.tw
anne@neomed.com.tw
jane@neomed.com.tw
avon@neomed.com.tw
fish@neomed.com.tw
vivi@neomed.com.tw
nick@neomed.com.tw
eden@neomed.com.tw
joan@neomed.com.tw
jerry@neomed.com.tw
neomed@neomed.com.tw
alicewu@neomed.com.tw
fiona@neomed.com.tw
flora@neomed.com.tw
cerrin@neomed.com.tw
carol@neomed.com.tw
jason@neomed.com.tw
deren@neomed.com.tw
sherry_chang@lobos.com.tw
jeff_chang@lobos.com.tw
gino_tzeng@lobos.com.tw
vincent_lee@lobos.com.tw
support@lobos.com.tw
wendy_tsai@lobos.com.tw
orson_ou@lobos.com.tw
ksakurada@lobos.com.tw
webmaster@lobos.com.tw
lobos@lobos.com.tw
sales@lobos.com.tw
landy_chen@lobos.com.tw
evanes_chang@lobos.com.tw
jackie_shen@lobos.com.tw
ivy_wu@lobos.com.tw
jennifer_chen@lobos.com.tw
candy_tsai@lobos.com.tw
msn@qman.com.tw
service@qman.com.tw
sam@qman.com.tw
jacky@qman.com.tw
sales@qman.com.tw
qman@qman.com.tw
qmandesign@qman.com.tw
kelly@lgt-taiwan.com.tw
wells@lgt-taiwan.com.tw
lgt-taiwan@lgt-taiwan.com.tw
yhku@lgt-taiwan.com.tw
pauly@lgt-taiwan.com.tw
simon@lgt-taiwan.com.tw
jason@lgt-taiwan.com.tw
sunny1@jackiesunny.com.tw
jackie@jackiesunny.com.tw
sunny@jackiesunny.com.tw
jackie1@jackiesunny.com.tw
jackiesunny@jackiesunny.com.tw
su@zeninc.com.tw
ac@zeninc.com.tw
ak@zeninc.com.tw
zeninc@zeninc.com.tw
bingo@zeninc.com.tw
law100@law100.com.tw
fan@law100.com.tw
lee@law100.com.tw
chin@law100.com.tw
anie@law100.com.tw
wenggy@law100.com.tw
client@law100.com.tw
annie@law100.com.tw
thales@law100.com.tw
george-tech@george-tech.com.tw
tim@george-tech.com.tw
james@george-tech.com.tw
brad@george-tech.com.tw
pole@george-tech.com.tw
judy@george-tech.com.tw
george@george-tech.com.tw
connie@george-tech.com.tw
grace@tdsc.com.tw
joseph@tdsc.com.tw
joe@tdsc.com.tw
tdsc@tdsc.com.tw
oscar@tdsc.com.tw
debbie@tdsc.com.tw
angela@tdsc.com.tw
nancy@tdsc.com.tw
edmond@tdsc.com.tw
ellen@ape.net.tw
jesuis@ape.net.tw
ape@ape.net.tw
support@ape.net.tw
lawrencewang@ape.net.tw
service@ape.net.tw
reg@ape.net.tw
augustlin@ape.net.tw
biz@ape.net.tw
webmaster@ape.net.tw
event@ape.net.tw
sales@ape.net.tw
teresa@ape.net.tw
cola@ape.net.tw
james.jeng@ape.net.tw
vincent@ape.net.tw
candice@ape.net.tw
taylor@ape.net.tw
lt.wang@ape.net.tw
michael@bossernet.com
bossernet@bossernet.com
bobby@bossernet.com
miya@bossernet.com
lily@bossernet.com
daniel@relaxt.com.tw
sonia@relaxt.com.tw
relaxt@relaxt.com.tw
tchen@caitian.com.tw
roy@caitian.com.tw
service@caitian.com.tw
jackwang@caitian.com.tw
sales@caitian.com.tw
customer@caitian.com.tw
rebecca@caitian.com.tw
stanley@caitian.com.tw
movie@caitian.com.tw
kevin.chang@caitian.com.tw
caitian@caitian.com.tw
erich@mobis.com.tw
support@mobis.com.tw
matt@mobis.com.tw
mobis@mobis.com.tw
sales@mobis.com.tw
claudia@mobis.com.tw
alan@mobis.com.tw
boaz@mobis.com.tw
juanito@mobis.com.tw
vivian@seyen.com.tw
alien@seyen.com.tw
irene@seyen.com.tw
sophie@seyen.com.tw
antony@seyen.com.tw
tony@seyen.com.tw
emily@seyen.com.tw
jennifer@seyen.com.tw
info@seyen.com.tw
jessie@seyen.com.tw
salome@seyen.com.tw
nicole@seyen.com.tw
stanley@seyen.com.tw
joyce@seyen.com.tw
linda@seyen.com.tw
seyen@seyen.com.tw
frank@shine-tech.com.tw
jackson@shine-tech.com.tw
mei@shine-tech.com.tw
paul@shine-tech.com.tw
shine-tech@shine-tech.com.tw
fuliang@shine-tech.com.tw
jason@shine-tech.com.tw
ab89@airblue.com.tw
ab88@airblue.com.tw
ab81@airblue.com.tw
ab83@airblue.com.tw
ab90@airblue.com.tw
ab82@airblue.com.tw
ab85@airblue.com.tw
ab87@airblue.com.tw
abec@airblue.com.tw
airblue@airblue.com.tw
frank@famouship.com.tw
maggie@famouship.com.tw
famouship@famouship.com.tw
viola@famouship.com.tw
powerflow@powerflow.com.tw
service@powerflow.com.tw
emily@powerflow.com.tw
david@powerflow.com.tw
abcdef@abcdef.com.tw
829@hs-tech.com.tw
828@hs-tech.com.tw
831@hs-tech.com.tw
813@hs-tech.com.tw
824@hs-tech.com.tw
826@hs-tech.com.tw
836@hs-tech.com.tw
alan_teng@hs-tech.com.tw
827@hs-tech.com.tw
0921@hs-tech.com.tw
rhl@hs-tech.com.tw
ramy@hs-tech.com.tw
cct@hs-tech.com.tw
hs-tech@hs-tech.com.tw
jerry_chen@hs-tech.com.tw
jeff@hs-tech.com.tw
kenny@hs-tech.com.tw
jason@hs-tech.com.tw
johnny@micro-view.com.tw
kelly@micro-view.com.tw
sales@micro-view.com.tw
shipping@micro-view.com.tw
micro-view@micro-view.com.tw
finance@micro-view.com.tw
pamd@deeu.com.tw
deeu@deeu.com.tw
pc@goodlcd.com.tw
k.k@goodlcd.com.tw
jacky@goodlcd.com.tw
willy@goodlcd.com.tw
enjoy@goodlcd.com.tw
benny_hsieh@goodlcd.com.tw
cloudia@goodlcd.com.tw
tiffany@goodlcd.com.tw
james_yao@goodlcd.com.tw
chen@goodlcd.com.tw
enjoya@goodlcd.com.tw
amitec@goodlcd.com.tw
shelly@goodlcd.com.tw
mandy@goodlcd.com.tw
patrick@goodlcd.com.tw
joanne@goodlcd.com.tw
vincent@goodlcd.com.tw
jesse@goodlcd.com.tw
annie@goodlcd.com.tw
goodlcd@goodlcd.com.tw
samson@goodlcd.com.tw
susan@goodlcd.com.tw
sharon@goodlcd.com.tw
wchern@omniservice.com.tw
asu@omniservice.com.tw
vpan@omniservice.com.tw
vwin@omniservice.com.tw
omniservice@omniservice.com.tw
grace@steptek.com.tw
pam@steptek.com.tw
sales@steptek.com.tw
step@steptek.com.tw
kender@steptek.com.tw
steptek@steptek.com.tw
unicomes@unicomes.com.tw
peggy@unicomes.com.tw
johnny@unicomes.com.tw
rick@unicomes.com.tw
gill@unicomes.com.tw
owen@unicomes.com.tw
st@keewah.com.tw
syl@keewah.com.tw
lihua@keewah.com.tw
max@keewah.com.tw
pat@keewah.com.tw
kelly@keewah.com.tw
jojo@keewah.com.tw
sandy@keewah.com.tw
betty@keewah.com.tw
keewah@keewah.com.tw
ccm@diecasting.com.tw
diecasting@diecasting.com.tw
info@diecasting.com.tw
james@diecasting.com.tw
ameko@fortex.com.tw
angel@fortex.com.tw
pearlp@fortex.com.tw
wangyan@fortex.com.tw
csw@fortex.com.tw
magda@fortex.com.tw
sun@fortex.com.tw
wyj@fortex.com.tw
lei@fortex.com.tw
mei@fortex.com.tw
lan@fortex.com.tw
jan@fortex.com.tw
athena@fortex.com.tw
peggy@fortex.com.tw
gary@fortex.com.tw
fortex@fortex.com.tw
kelly@fortex.com.tw
rita@fortex.com.tw
teresa@fortex.com.tw
anchu@fortex.com.tw
jennifer@fortex.com.tw
eric@fortex.com.tw
mike@fortex.com.tw
shirley@fortex.com.tw
dianna@fortex.com.tw
lady@fortex.com.tw
sandy@fortex.com.tw
alex@fortex.com.tw
conrad@fortex.com.tw
jimmy@fortex.com.tw
iris@fortex.com.tw
connie@fortex.com.tw
young@fortex.com.tw
finna@fortex.com.tw
ivy@avacavac.com.tw
crc@avacavac.com.tw
boss@avacavac.com.tw
wen@avacavac.com.tw
jean@avacavac.com.tw
avacavac@avacavac.com.tw
aj@ichu.com.tw
lilying@ichu.com.tw
service@ichu.com.tw
lisa@ichu.com.tw
chris@ichu.com.tw
chen@ichu.com.tw
lobo@ichu.com.tw
peter@ichu.com.tw
betty@ichu.com.tw
ichu@ichu.com.tw
donna@ichu.com.tw
susan@ichu.com.tw
mason@ichu.com.tw
liu-law@liu-law.com.tw
liu@liu-law.com.tw
hata@liu-law.com.tw
anne@liu-law.com.tw
teresa@liu-law.com.tw
mico@liu-law.com.tw
pichiu@liu-law.com.tw
client@liu-law.com.tw
law104@lawtw.net
lawyer007@lawtw.net
lawyer@lawtw.net
law@lawtw.net
lawtw@lawtw.net
billon.hung@genechannel.com
genechannel@genechannel.com
fiona.lin@genechannel.com
tina.fu@genechannel.com
roger.ho@genechannel.com
jay@iavx.com.tw
iavx@iavx.com.tw
chin@iavx.com.tw
vincent@iavx.com.tw
service@cashmere.com.tw
cktseng@cashmere.com.tw
msli@cashmere.com.tw
syho@cashmere.com.tw
kcshiu@cashmere.com.tw
service@nurnberg.com.tw
whsu@nurnberg.com.tw
nurnberg@nurnberg.com.tw
carol@nurnberg.com.tw
service@greenmagic.com.tw
ney@greenmagic.com.tw
greenmagic@greenmagic.com.tw
sarenachen@imus.com.tw
emilylee@imus.com.tw
imus@imus.com.tw
jamesyeh@imus.com.tw
tdni@imus.com.tw
calvinyu@imus.com.tw
amypeng@imus.com.tw
rdlo@imus.com.tw
pioneerchien@imus.com.tw
sibdi@sibdi.com.tw
cmchen@sibdi.com.tw
wt@sibdi.com.tw
chi@sibdi.com.tw
emily@sibdi.com.tw
marc@sibdi.com.tw
sarena@sibdi.com.tw
james@sibdi.com.tw
anwen@sibdi.com.tw
service@heryu.com.tw
heryu@heryu.com.tw
lijungchou@aromatech.com.tw
khchang@aromatech.com.tw
bbmhchen@aromatech.com.tw
aromatech@aromatech.com.tw
helen@minwe.com.tw
rangmei@minwe.com.tw
sales@minwe.com.tw
wenlang@minwe.com.tw
peter@minwe.com.tw
joey@minwe.com.tw
minwe@minwe.com.tw
maggie@seponline.com.tw
wade@seponline.com.tw
seponline@seponline.com.tw
tt@jiuhshin.com
js@jiuhshin.com
irene@jiuhshin.com
tina@jiuhshin.com
rita@jiuhshin.com
sales@jiuhshin.com
john@jiuhshin.com
jiuhshin@jiuhshin.com
honda@jiuhshin.com
carol@jiuhshin.com
ritawu@jiuhshin.com
jimmy_chang@fabiatech.com
david_chi@fabiatech.com
jeanne_jheng@fabiatech.com
jessica_chiang@fabiatech.com
rma@fabiatech.com
support@fabiatech.com
bertha_lin@fabiatech.com
angela_chang@fabiatech.com
bleak_liu@fabiatech.com
may_hsueh@fabiatech.com
jeffrey@fabiatech.com
jacky@fabiatech.com
pony@fabiatech.com
ray@fabiatech.com
sandy_wu@fabiatech.com
victor_hsu@fabiatech.com
jason_huang@fabiatech.com
morgan_lai@fabiatech.com
sales2006@fabiatech.com
emily_hsu@fabiatech.com
bruce_wang@fabiatech.com
jason_kao@fabiatech.com
ray_lin@fabiatech.com
info2006@fabiatech.com
adam_hsu@fabiatech.com
evilse_hung@fabiatech.com
james@fabiatech.com
henry_huang@fabiatech.com
todd@fabiatech.com
eva_chang@fabiatech.com
sales2005@fabiatech.com
char@fabiatech.com
fabiatech@fabiatech.com
kevinchang@fabiatech.com
vivi_chen@fabiatech.com
dennis_wu@fabiatech.com
keno_chang@fabiatech.com
betty_lien@fabiatech.com
tom_shu@fabiatech.com
nicole_chen@fabiatech.com
kevin@fabiatech.com
info2005@fabiatech.com
sky_wu@fabiatech.com
leo_wu@fabiatech.com
sen_yu@fabiatech.com
maggie_shie@fabiatech.com
hsieh@solidlite.com
angel@solidlite.com
solidlite@solidlite.com
vergil@solidlite.com
hr@solidlite.com
qa@solidlite.com
pd@solidlite.com
lillian@solidlite.com
jackyang@solidlite.com
any@solidlite.com
ivy@solidlite.com
michael@solidlite.com
ann@solidlite.com
sam@solidlite.com
cherry@solidlite.com
kai@solidlite.com
wen@solidlite.com
led@solidlite.com
sony@solidlite.com
peggy@solidlite.com
mary@solidlite.com
tina@solidlite.com
wema@solidlite.com
victorsy@solidlite.com
brianlin@solidlite.com
emmi@solidlite.com
debbie@solidlite.com
hann@solidlite.com
rick@solidlite.com
jack@solidlite.com
rich@solidlite.com
joan@solidlite.com
coco@solidlite.com
kenneth@solidlite.com
jean@solidlite.com
material@solidlite.com
jeff@solidlite.com
sammy@solidlite.com
joanne@solidlite.com
kenliu@solidlite.com
wenson@solidlite.com
sales1@solidlite.com
peterlin@solidlite.com
simon@solidlite.com
anson@solidlite.com
sales2@solidlite.com
steven@solidlite.com
xavier@solidlite.com
paolo@solidlite.com
skysis@skysis.com.tw
lu@skysis.com.tw
service@skysis.com.tw
sheila@skysis.com.tw
jack@skysis.com.tw
jeff@skysis.com.tw
roger@romax.com.tw
nancy@romax.com.tw
romax@romax.com.tw
vincent@romax.com.tw
shimo@mail.joupo.com
pylon@mail.joupo.com
fl@mail.joupo.com
ivy@mail.joupo.com
julia@mail.joupo.com
wenfei@mail.joupo.com
yasuhiro@mail.joupo.com
elisa@mail.joupo.com
service@mail.joupo.com
julie@mail.joupo.com
sherry@mail.joupo.com
yen@mail.joupo.com
grantjou@mail.joupo.com
tina@mail.joupo.com
rita@mail.joupo.com
sophia@mail.joupo.com
fang@mail.joupo.com
meng@mail.joupo.com
francis@mail.joupo.com
mail@mail.joupo.com
bill@mail.joupo.com
eric@mail.joupo.com
amanda@mail.joupo.com
davidjou@mail.joupo.com
elysia@mail.joupo.com
wanling@mail.joupo.com
sophy@mail.joupo.com
andy@mail.joupo.com
catherine@mail.joupo.com
annie@mail.joupo.com
laura@mail.joupo.com
hsinyi@mail.joupo.com
zhiren@mail.joupo.com
ikumi@mail.joupo.com
steven@mail.joupo.com
jason@mail.joupo.com
service@x-fragrance.com.tw
x-fragrance@x-fragrance.com.tw
jeff_fan@x-fragrance.com.tw
acebudo@wcorp.net
budox@wcorp.net
wcorp@wcorp.net
ouja@wcorp.net
essen@wcorp.net
jessica@tronstar.com.tw
allen@tronstar.com.tw
evelyn@tronstar.com.tw
sales@tronstar.com.tw
tronstar@tronstar.com.tw
jc@ferrite.com.tw
magnet@ferrite.com.tw
alumi127@ferrite.com.tw
amo@ferrite.com.tw
sun@ferrite.com.tw
cynthia@ferrite.com.tw
pin@ferrite.com.tw
chihjang@ferrite.com.tw
l0428@ferrite.com.tw
aa8703@ferrite.com.tw
ferrite@ferrite.com.tw
yang@ferrite.com.tw
fang@ferrite.com.tw
cyliu@ferrite.com.tw
t3366@ferrite.com.tw
vivi@ferrite.com.tw
jennifer@ferrite.com.tw
candy@ferrite.com.tw
jessie@ferrite.com.tw
a530122@ferrite.com.tw
a490903@ferrite.com.tw
only@ferrite.com.tw
apple@ferrite.com.tw
ange0227@ferrite.com.tw
angel1106@ferrite.com.tw
april@ferrite.com.tw
simon@ferrite.com.tw
jason@ferrite.com.tw
jackeytang@ferrite.com.tw
racher@ferrite.com.tw
karen@ferrite.com.tw
jessica@pact.com.tw
art@pact.com.tw
lydia@pact.com.tw
anita@pact.com.tw
troy@pact.com.tw
michelle@pact.com.tw
leon@pact.com.tw
alan@pact.com.tw
eric@pact.com.tw
george@pact.com.tw
pact@pact.com.tw
chiaoyi@dorm.com.tw
dorm@dorm.com.tw
samlu@dorm.com.tw
derek@dorm.com.tw
thales@dorm.com.tw
qq@fatec.com.tw
tom@fatec.com.tw
fatec@fatec.com.tw
skedu@skedu.com.tw
annielin@sinwa.com.tw
sallylin@sinwa.com.tw
neelylin@sinwa.com.tw
service@sinwa.com.tw
sinwa@sinwa.com.tw
finance@sinwa.com.tw
rachel@vang.com.tw
jo@vang.com.tw
txg@vang.com.tw
tpe@vang.com.tw
vang@vang.com.tw
kiki@vang.com.tw
kathy@vang.com.tw
jasonwang@tyttextile.com
agatha@tyttextile.com
nily@tyttextile.com
tyttextile@tyttextile.com
carol@tyttextile.com
fukumoto@tachibana.com.tw
sai@tachibana.com.tw
rachel-hsu@tachibana.com.tw
tachibana@tachibana.com.tw
vicjc@vicjc.com.tw
jacky@vicjc.com.tw
stella@vicjc.com.tw
wj.leee@treeview.org
jim.lu@treeview.org
hr@treeview.org
wind.tsay@treeview.org
jason.huang@treeview.org
leo.lee@treeview.org
billy.shen@treeview.org
vivian.chen@treeview.org
all@treeview.org
jack.yang@treeview.org
george.hu@treeview.org
jacky.wang@treeview.org
hr1@treeview.org
vic.chen@treeview.org
echo@treeview.org
jay.hsueh@treeview.org
allen.chen@treeview.org
burgh.ho@treeview.org
jackie.hsieh@treeview.org
gohome.lion@treeview.org
treeview@treeview.org
kally.zhu@treeview.org
amy@bojiu.com.tw
michael@bojiu.com.tw
news@bojiu.com.tw
bojiu@bojiu.com.tw
data@bojiu.com.tw
leon@bojiu.com.tw
jack@bojiu.com.tw
giselle@bojiu.com.tw
pension@bojiu.com.tw
actuary@bojiu.com.tw
pm@cgcl.com.tw
cg@cgcl.com.tw
trade@cgcl.com.tw
ann@cgcl.com.tw
service@cgcl.com.tw
vivi@cgcl.com.tw
cgcl@cgcl.com.tw
brenda@cgcl.com.tw
oy@beihai.com.tw
beihai@beihai.com.tw
tp002@beihai.com.tw
tsc@beihai.com.tw
tc001@beihai.com.tw
tn001@beihai.com.tw
bh.tp001@beihai.com.tw
mark@beihai.com.tw
glic@beihai.com.tw
lumay@beihai.com.tw
ivy@winstream.com.tw
rachelle@winstream.com.tw
winstream@winstream.com.tw
kcl@winstream.com.tw
sophie@winstream.com.tw
kay@winstream.com.tw
rita@winstream.com.tw
paul@winstream.com.tw
francis@winstream.com.tw
zaki@winstream.com.tw
venus@winstream.com.tw
yingche@winstream.com.tw
sonja@winstream.com.tw
de-consult@de-consult.com.tw
office@de-consult.com.tw
lucaslee@de-consult.com.tw
fareast@de-consult.com.tw
grace@webwatch.com.tw
amy@webwatch.com.tw
anita@webwatch.com.tw
webwatch@webwatch.com.tw
sales@webwatch.com.tw
otto@webwatch.com.tw
accounting@webwatch.com.tw
karen@webwatch.com.tw
lydia@gfktwn.com.tw
test@gfktwn.com.tw
market@gfktwn.com.tw
gfktwn@gfktwn.com.tw
ac@borica.com.tw
kevintsuo@borica.com.tw
cathy_lu@borica.com.tw
service@borica.com.tw
freya_fu@borica.com.tw
spencer_hsieh@borica.com.tw
borica@borica.com.tw
cathylu@borica.com.tw
abby_ding@borica.com.tw
johnwen@borica.com.tw
nathalie_chan@borica.com.tw
elenawen@borica.com.tw
robin@yotek.com.tw
sam@yotek.com.tw
lee@yotek.com.tw
hung@yotek.com.tw
sales@yotek.com.tw
ruth@yotek.com.tw
aldrich@yotek.com.tw
eric@yotek.com.tw
cychuang@yotek.com.tw
linda@yotek.com.tw
yotek@yotek.com.tw
philip@yotek.com.tw
steven@yotek.com.tw
jason@yotek.com.tw
melinda_chen@taipeicapital.com.tw
hamie_hsu@taipeicapital.com.tw
joesam_liu@taipeicapital.com.tw
johnny_shen@taipeicapital.com.tw
taipeicapital@taipeicapital.com.tw
hfchiang@gppc.com.tw
a801158@gppc.com.tw
ckltina@gppc.com.tw
cllin@gppc.com.tw
hsieh@gppc.com.tw
tnc106@gppc.com.tw
cilin@gppc.com.tw
chiah@gppc.com.tw
ytlin@gppc.com.tw
wslin@gppc.com.tw
aslin@gppc.com.tw
lu@gppc.com.tw
jslan@gppc.com.tw
an@gppc.com.tw
ho@gppc.com.tw
tml105@gppc.com.tw
meigen@gppc.com.tw
fuhuatsao@gppc.com.tw
cc@gppc.com.tw
changtp@gppc.com.tw
chaotsungpin@gppc.com.tw
cws@gppc.com.tw
lin123@gppc.com.tw
mi@gppc.com.tw
lan290@gppc.com.tw
k069@gppc.com.tw
k079@gppc.com.tw
sclee@gppc.com.tw
guard@gppc.com.tw
tecta@gppc.com.tw
bill_wang@gppc.com.tw
ching@gppc.com.tw
jsc@gppc.com.tw
k501@gppc.com.tw
stc@gppc.com.tw
cpc@gppc.com.tw
k502@gppc.com.tw
k086@gppc.com.tw
hsieh938@gppc.com.tw
marklin@gppc.com.tw
tseng@gppc.com.tw
kuo@gppc.com.tw
k071@gppc.com.tw
myshen@gppc.com.tw
chungwc@gppc.com.tw
hrm@gppc.com.tw
k425@gppc.com.tw
cpchen@gppc.com.tw
mcl@gppc.com.tw
hcwu@gppc.com.tw
ccwu@gppc.com.tw
ycm@gppc.com.tw
clwu@gppc.com.tw
kbh@gppc.com.tw
khwu@gppc.com.tw
ara1234@gppc.com.tw
liping@gppc.com.tw
chao0412@gppc.com.tw
mywang@gppc.com.tw
thur@gppc.com.tw
maileradmin@gppc.com.tw
sjy@gppc.com.tw
gary@gppc.com.tw
hsumingchao@gppc.com.tw
daphne@gppc.com.tw
ccy@gppc.com.tw
anteng@gppc.com.tw
her@gppc.com.tw
yau@gppc.com.tw
law@gppc.com.tw
rtyang@gppc.com.tw
fang@gppc.com.tw
phwang@gppc.com.tw
klaus@gppc.com.tw
ming@gppc.com.tw
tjwang@gppc.com.tw
gppc@gppc.com.tw
sfliu@gppc.com.tw
sm2@gppc.com.tw
pong@gppc.com.tw
hong@gppc.com.tw
pcyang@gppc.com.tw
felix_huang@gppc.com.tw
cmfang@gppc.com.tw
edger@gppc.com.tw
lawerence@gppc.com.tw
kshuang@gppc.com.tw
vlin@gppc.com.tw
meiling@gppc.com.tw
jennifer@gppc.com.tw
chin@gppc.com.tw
lien@gppc.com.tw
christine@gppc.com.tw
chen@gppc.com.tw
wejn@gppc.com.tw
huei@gppc.com.tw
yuan@gppc.com.tw
john@gppc.com.tw
jeng866@gppc.com.tw
pauline@gppc.com.tw
jcliang@gppc.com.tw
jean@gppc.com.tw
clchang@gppc.com.tw
tmchang@gppc.com.tw
sentra@gppc.com.tw
elvis@gppc.com.tw
wangchenghua@gppc.com.tw
sylvia@gppc.com.tw
chiangmw@gppc.com.tw
a801092@gppc.com.tw
barly@gppc.com.tw
patty@gppc.com.tw
fanny@gppc.com.tw
sandy@gppc.com.tw
ruby@gppc.com.tw
gppcsales@gppc.com.tw
tecshf@gppc.com.tw
yangshiowmei@gppc.com.tw
chihhou@gppc.com.tw
nicole@gppc.com.tw
cbhu@gppc.com.tw
chenshinan@gppc.com.tw
chinle@gppc.com.tw
liaw@gppc.com.tw
sfchang@gppc.com.tw
kuei_ying@gppc.com.tw
gppcwu@gppc.com.tw
wangyt@gppc.com.tw
solomon_lou@gppc.com.tw
sfchou@gppc.com.tw
joyce@gppc.com.tw
yao.may@gppc.com.tw
austini@gppc.com.tw
daweuy2@gppc.com.tw
wctsai@gppc.com.tw
hsiu_ying@gppc.com.tw
fion_hou@gppc.com.tw
wen4498@gppc.com.tw
cmchou@gppc.com.tw
robert@gppc.com.tw
yeong@gppc.com.tw
liusc@gppc.com.tw
laura@gppc.com.tw
chengjlake@gppc.com.tw
lincj@gppc.com.tw
services@gppc.com.tw
tecwei@gppc.com.tw
hstuan@gppc.com.tw
hsueh@gppc.com.tw
a801097@gppc.com.tw
a801407@gppc.com.tw
carol@gppc.com.tw
weeklyreport@gppc.com.tw
chiangst@gppc.com.tw
chuanlu@gppc.com.tw
joletta@gppc.com.tw
kuni_chang@gppc.com.tw
thomas@pencoal.com.tw
judychen@pencoal.com.tw
tinahuang@pencoal.com.tw
jeffrey@pencoal.com.tw
maxlee@pencoal.com.tw
emily@pencoal.com.tw
polly@pencoal.com.tw
coal@pencoal.com.tw
janne@pencoal.com.tw
joe.tseng@pencoal.com.tw
rchen@burnstewart.com.tw
sales-kao@burnstewart.com.tw
slu@burnstewart.com.tw
lchou@burnstewart.com.tw
achang@burnstewart.com.tw
sales@burnstewart.com.tw
nlin@burnstewart.com.tw
sales-tpe@burnstewart.com.tw
burnstewart@burnstewart.com.tw
bchu@burnstewart.com.tw
cliu@burnstewart.com.tw
sales-tch@burnstewart.com.tw
meiling.wei@advancedcapital.com.tw
advancedcapital@advancedcapital.com.tw
maggie@advancedcapital.com.tw
kenny@advancedcapital.com.tw
80170364@advancedcapital.com.tw
stanley@advancedcapital.com.tw
888@toplulu.net
com@toplulu.net
tiger@toplulu.net
dodo@toplulu.net
toplulu@toplulu.net
ted@silversilk.com.tw
peter@silversilk.com.tw
silversilk@silversilk.com.tw
liwen@silversilk.com.tw
ray@je-opto.com.tw
je-opto@je-opto.com.tw
andy@je-opto.com.tw
kitty@je-opto.com.tw
vanessa@je-opto.com.tw
kelvin@je-opto.com.tw
service@photocake.com.tw
photocake@photocake.com.tw
emily@sowan.com.tw
miko@sowan.com.tw
sowan@sowan.com.tw
mail@mail.mediatea.com
brasilfs@brasilfs.com
amywang@brasilfs.com
chang@brasilfs.com
jacqueline@brasilfs.com
luciahsu@brasilfs.com
ryan@brasilfs.com
awei@brasilfs.com
luan@brasilfs.com
lilianjuo@brasilfs.com
fernando@brasilfs.com
arwin@brasilfs.com
ton8241@kttv.com.tw
judy598699@kttv.com.tw
michael@kttv.com.tw
woodyliu@kttv.com.tw
a1975a6410@kttv.com.tw
jon@kttv.com.tw
kttv@kttv.com.tw
boss@kttv.com.tw
ricky@kttv.com.tw
web@kttv.com.tw
a121342639@kttv.com.tw
tony@kttv.com.tw
aa.paul@kttv.com.tw
wen123_2002@kttv.com.tw
acs6535@kttv.com.tw
carol1981@kttv.com.tw
jill@kttv.com.tw
apan@kttv.com.tw
boss2@kttv.com.tw
joycez@kttv.com.tw
cola4706@kttv.com.tw
shelly@kttv.com.tw
cindy@kttv.com.tw
falale2000@kttv.com.tw
kuei.tone@kttv.com.tw
kttv7005@kttv.com.tw
alicefefe@kttv.com.tw
chuan@kttv.com.tw
yawyi@kttv.com.tw
vivian@fuya.com.tw
fabienne@fuya.com.tw
ben@fuya.com.tw
laurence@fuya.com.tw
michelle@fuya.com.tw
dangs@fuya.com.tw
brouce@fuya.com.tw
winnie@fuya.com.tw
david@fuya.com.tw
chinan@fuya.com.tw
anita@top-do.com.tw
info@top-do.com.tw
stephen@top-do.com.tw
top-do@top-do.com.tw
yt-source@yt-source.com
tina.liu@yt-source.com
yt.wangya@yt-source.com
lead-pak@lead-pak.com
dylan@lead-pak.com
service@lead-pak.com
ben@lead-pak.com
demi@lead-pak.com
evonne@lead-pak.com
kevin@lead-pak.com
maggie@flyking.com.tw
max@flyking.com.tw
emma@flyking.com.tw
dino@flyking.com.tw
jennifer@flyking.com.tw
flyking@flyking.com.tw
jean@flyking.com.tw
wade@flyking.com.tw
cindy@flyking.com.tw
lu@sunprogroup.com.tw
wu@sunprogroup.com.tw
diane@sunprogroup.com.tw
sunprogroup@sunprogroup.com.tw
ann@sunprogroup.com.tw
maggie@sunprogroup.com.tw
katie@sunprogroup.com.tw
doctor@bsa-pcos.com.tw
service@bsa-pcos.com.tw
bsa-pcos@bsa-pcos.com.tw
test@bsa-pcos.com.tw
per@bsa-pcos.com.tw
mis@bsa-pcos.com.tw
pro-technology@pro-technology.com.tw
bill@pro-technology.com.tw
annie@pro-technology.com.tw
lucia@apexcorp.com.tw
sherry@apexcorp.com.tw
apex@apexcorp.com.tw
harmony@apexcorp.com.tw
apexcorp@apexcorp.com.tw
rachel@maistek.com.tw
anita@maistek.com.tw
claire@maistek.com.tw
bem@maistek.com.tw
hptu@maistek.com.tw
ada@maistek.com.tw
max@maistek.com.tw
gina@maistek.com.tw
sales@maistek.com.tw
mark@maistek.com.tw
audrey@maistek.com.tw
ryan@maistek.com.tw
maistek@maistek.com.tw
jeff@maistek.com.tw
angelina@maistek.com.tw
david@maistek.com.tw
wufrank@maistek.com.tw
rodman@maistek.com.tw
colin@acceleratedtechnology.com.tw
chico@acceleratedtechnology.com.tw
support@acceleratedtechnology.com.tw
beverly@acceleratedtechnology.com.tw
sales@acceleratedtechnology.com.tw
acceleratedtechnology@acceleratedtechnology.com.tw
chris@acceleratedtechnology.com.tw
anil@acceleratedtechnology.com.tw
jack@acceleratedtechnology.com.tw
james@acceleratedtechnology.com.tw
efax@acceleratedtechnology.com.tw
catherine@acceleratedtechnology.com.tw
trade@northtech.com.tw
kathy_yu@northtech.com.tw
vincent_yen@northtech.com.tw
contact@northtech.com.tw
northtech@northtech.com.tw
amy_chen@northtech.com.tw
tonyhu@eupl.com.tw
jessica@eupl.com.tw
alexku@eupl.com.tw
hbchen@eupl.com.tw
alexhuang@eupl.com.tw
amy@eupl.com.tw
rogertang24@eupl.com.tw
kim@eupl.com.tw
max@eupl.com.tw
tracy@eupl.com.tw
sandra@eupl.com.tw
eupl@eupl.com.tw
tiffany@eupl.com.tw
kennyliu@eupl.com.tw
johnliu@eupl.com.tw
info@eupl.com.tw
greg@eupl.com.tw
tedfang@eupl.com.tw
sammy@eupl.com.tw
yaoyao@eupl.com.tw
linda@eupl.com.tw
jasonliu@eupl.com.tw
eddics@eupl.com.tw
zchao@zchao.com.tw
miki@zchao.com.tw
ivy@winshen.com.tw
service@winshen.com.tw
meg@winshen.com.tw
may@winshen.com.tw
angs@winshen.com.tw
winshen@winshen.com.tw
service@taling.com.tw
taling@taling.com.tw
scopewell@scopewell.com.tw
soon@scopewell.com.tw
admin@scopewell.com.tw
jimwang@alliancemetalcorp.com
michellelin@alliancemetalcorp.com
amc@alliancemetalcorp.com
ann@alliancemetalcorp.com
rainyxu@alliancemetalcorp.com
lisa@alliancemetalcorp.com
jameslu@alliancemetalcorp.com
benshih@alliancemetalcorp.com
stanley@alliancemetalcorp.com
steven@alliancemetalcorp.com
steve.hsu@imtec.com.tw
service@imtec.com.tw
david.lee@imtec.com.tw
fanny@imtec.com.tw
ealy@imtec.com.tw
imtec@imtec.com.tw
tommy.chen@imtec.com.tw
leon.tsai@imtec.com.tw
e-fss@e-fss.org
service@e-fss.org
erica@ffbest.com.tw
peter@ffbest.com.tw
jimmy@ffbest.com.tw
viviane@ffbest.com.tw
ffbest@ffbest.com.tw
jason@ffbest.com.tw
safehome@safehome.com.tw
support@safehome.com.tw
sales@safehome.com.tw
yoyo@safehome.com.tw
peter@safehome.com.tw
rstsai@safehome.com.tw
cs@rsam.com.tw
sabrina@rsam.com.tw
miffy@rsam.com.tw
rsam@rsam.com.tw
chen@rsam.com.tw
chao@rsam.com.tw
samlu@rsam.com.tw
thales@rsam.com.tw
melodytech@melodytech.com
richard@melodytech.com
johnson@melodytech.com
linda@melodytech.com
vivian@continental-link.com.tw
dennis@continental-link.com.tw
belle@continental-link.com.tw
scarlett@continental-link.com.tw
continental-link@continental-link.com.tw
mendy@continental-link.com.tw
kathy@continental-link.com.tw
danny@continental-link.com.tw
tippi@continental-link.com.tw
solusting@solusting.com.tw
dnchen@aped.com.tw
wplin@aped.com.tw
cylin@aped.com.tw
ckhuang@aped.com.tw
crystalwu@aped.com.tw
lisayeh@aped.com.tw
stanleyliu@aped.com.tw
darrenwu@aped.com.tw
liangchang@aped.com.tw
pattylin@aped.com.tw
yvonnechen@aped.com.tw
aped@aped.com.tw
gracelee@aped.com.tw
scottliu@aped.com.tw
evajeng@aped.com.tw
amy-wu@tw-tpi.com.tw
tpi@tw-tpi.com.tw
betty-ho@tw-tpi.com.tw
wy-chong@tw-tpi.com.tw
tw-tpi@tw-tpi.com.tw
se-chao@tw-tpi.com.tw
philchong@tw-tpi.com.tw
joe@ocarol.com.tw
nba@ocarol.com.tw
rose@ocarol.com.tw
roger@ocarol.com.tw
connie@ocarol.com.tw
carol@ocarol.com.tw
ocarol@ocarol.com.tw
angel@easternfashions.com.tw
catheleen@easternfashions.com.tw
ciara@easternfashions.com.tw
lydia@easternfashions.com.tw
julie@easternfashions.com.tw
maggie@easternfashions.com.tw
tin@easternfashions.com.tw
easternfashions@easternfashions.com.tw
polly@easternfashions.com.tw
sandra@easternfashions.com.tw
anya@easternfashions.com.tw
fion@easternfashions.com.tw
joan@easternfashions.com.tw
chifang@easternfashions.com.tw
jeff@easternfashions.com.tw
terry@easternfashions.com.tw
linda@easternfashions.com.tw
sarah@easternfashions.com.tw
steven@easternfashions.com.tw
hengcherng@hengcherng.com
jessica@hitechs.com.tw
ht@hitechs.com.tw
anita@hitechs.com.tw
marine@hitechs.com.tw
matt@hitechs.com.tw
christina@hitechs.com.tw
judy@hitechs.com.tw
hitechs@hitechs.com.tw
ellen@nistem.com.tw
mark_chen@nistem.com.tw
lanster@nistem.com.tw
joy@nistem.com.tw
liang@nistem.com.tw
rita@nistem.com.tw
laihp@nistem.com.tw
shui@nistem.com.tw
parts@nistem.com.tw
ella@nistem.com.tw
candy@nistem.com.tw
nistem@nistem.com.tw
jsicom@jsicom.com.tw
eddy.chen@jsicom.com.tw
hui@jsicom.com.tw
shb@jsicom.com.tw
reaky@jsicom.com.tw
ivan.chen@jsicom.com.tw
yvonne@jsicom.com.tw
jerry@jsicom.com.tw
neil_chang@jsicom.com.tw
jackly@jsicom.com.tw
jimmy_lin@jsicom.com.tw
vanessa@jsicom.com.tw
angel@worldwise.com.tw
william@worldwise.com.tw
alice@worldwise.com.tw
hyt@worldwise.com.tw
e-how@worldwise.com.tw
roy@worldwise.com.tw
hsc@worldwise.com.tw
eri@worldwise.com.tw
jacky@worldwise.com.tw
tracy@worldwise.com.tw
ronald@worldwise.com.tw
teresa@worldwise.com.tw
tami@worldwise.com.tw
bluemaymay@worldwise.com.tw
vivi@worldwise.com.tw
chris@worldwise.com.tw
shin@worldwise.com.tw
andy@worldwise.com.tw
tommy@worldwise.com.tw
joanne@worldwise.com.tw
hsiung@worldwise.com.tw
wallace@worldwise.com.tw
daleyu@worldwise.com.tw
market@worldwise.com.tw
joyce@worldwise.com.tw
jonathan@worldwise.com.tw
susan@worldwise.com.tw
shatin@worldwise.com.tw
worldwise@worldwise.com.tw
amyyeh@worldwise.com.tw
jonathon_chen@sonostar.com
goldber_lin@sonostar.com
carol_yung@sonostar.com
jacko_chiou@sonostar.com
usa@sonostar.com
ken_lin@sonostar.com
sonostar@sonostar.com
joesam_liu@sonostar.com
vanna_chang@sonostar.com
johnny_shen@sonostar.com
drq_chiou@sonostar.com
janet_peng@sonostar.com
brian@ladder101.tw
5l@ladder101.tw
ladder101@ladder101.tw
andy@ladder101.tw
andyweng@intensity-twn.com.tw
frank@intensity-twn.com.tw
irene@intensity-twn.com.tw
ivan@intensity-twn.com.tw
intensity-twn@intensity-twn.com.tw
rachel@ezmail.aptg.net
ccleader@ezmail.aptg.net
service@ezmail.aptg.net
adm@ezmail.aptg.net
idc@ezmail.aptg.net
chris@ezmail.aptg.net
niko@ezmail.aptg.net
miko@ezmail.aptg.net
check_apol@ezmail.aptg.net
openfind.o@ezmail.aptg.net
openfind@ezmail.aptg.net
bryson@ezmail.aptg.net
gavin@ezmail.aptg.net
steven@ezmail.aptg.net
gavin2@ezmail.aptg.net
pjdesign@pjdesign.tw
allen@lumbini.com.tw
service@lumbini.com.tw
lumbini@lumbini.com.tw
country@lumbini.com.tw
nica@lumbini.com.tw
serdar@lumbini.com.tw
mayhsin@justherb.com.tw
grace@justherb.com.tw
justherb@justherb.com.tw
tiny@justherb.com.tw
sure@justherb.com.tw
chiang@justherb.com.tw
moon@justherb.com.tw
sylvia@justherb.com.tw
nancy@justherb.com.tw
joyce@justherb.com.tw
luieis@justherb.com.tw
kevin@justherb.com.tw
cleantec@cleantec.com.tw
alice@cleantec.com.tw
grace@cleantec.com.tw
sales@cleantec.com.tw
howard@cleantec.com.tw
jush@cleantec.com.tw
andy@cleantec.com.tw
kender@cleantec.com.tw
jessica@sevenstar.com.tw
joseph@sevenstar.com.tw
ivy@sevenstar.com.tw
emily@sevenstar.com.tw
mary@sevenstar.com.tw
sevenstar@sevenstar.com.tw
nina@sevenstar.com.tw
rita@sevenstar.com.tw
christine@sevenstar.com.tw
alan@sevenstar.com.tw
james@sevenstar.com.tw
jerry@sevenstar.com.tw
terry@sevenstar.com.tw
sandy@sevenstar.com.tw
stephen@sevenstar.com.tw
fiona@sevenstar.com.tw
joyce@sevenstar.com.tw
konch@sevenstar.com.tw
jona5034@sembatw.com.tw
ota@sembatw.com.tw
chou@sembatw.com.tw
monica@sembatw.com.tw
hing@sembatw.com.tw
fenny@sembatw.com.tw
isao.itoda@sembatw.com.tw
taiquan@sembatw.com.tw
ken1008@sembatw.com.tw
sembatw@sembatw.com.tw
tenlin@penku.com.tw
jan@penku.com.tw
lin@penku.com.tw
teresa@penku.com.tw
penku@penku.com.tw
diver@penku.com.tw
sandy@penku.com.tw
happy@penku.com.tw
davie@penku.com.tw
jewel@penku.com.tw
vivian@ri-pro.com
sam@ri-pro.com
kelly@ri-pro.com
stacy@ri-pro.com
dora@ri-pro.com
pawa@ri-pro.com
marketing@ri-pro.com
deborah@ri-pro.com
joan@ri-pro.com
alan@ri-pro.com
lola@ri-pro.com
ri-pro@ri-pro.com
cathy@ri-pro.com
andy@ri-pro.com
mandy@ri-pro.com
inspector@ri-pro.com
suching@ri-pro.com
carol@ri-pro.com
contact@fda2003.com
fda2003@fda2003.com
epaper@apbw.com
service@apbw.com
apbw@apbw.com
ec_service@apbw.com
tokyogyoen@tokyogyoen.com
vivian@glorytech.net
clare@glorytech.net
service@glorytech.net
glorytech@glorytech.net
lina@glorytech.net
jack@glorytech.net
davies@glorytech.net
chchao@ztek.com.tw
grace@ztek.com.tw
ztek@ztek.com.tw
info@ztek.com.tw
hnen@ztek.com.tw
hsilung@ztek.com.tw
fransika@ztek.com.tw
arc.jacky@ztek.com.tw
jason@ztek.com.tw
support@mail.anco.com.tw
mail@mail.anco.com.tw
suntex89@suntex89.com
tammy@suntex89.com
sun.lin@suntex89.com
morgan@5a.com.tw
brian@5a.com.tw
5a@5a.com.tw
sabrina@5a.com.tw
jacky@5a.com.tw
johnny@5a.com.tw
atlas@5a.com.tw
howard@5a.com.tw
fion@5a.com.tw
ryan@5a.com.tw
info@5a.com.tw
tsao@5a.com.tw
owen@5a.com.tw
kenneth@5a.com.tw
eric@5a.com.tw
banny@5a.com.tw
jason@5a.com.tw
jessica@wisma.com.tw
nora@wisma.com.tw
wisma@wisma.com.tw
hachi@majestic-pets.com
horlic@majestic-pets.com
tedl@majestic-pets.com
majestic-pets@majestic-pets.com
kevin@majestic-pets.com
ny@suntal.com.tw
qx@suntal.com.tw
gr@suntal.com.tw
io@suntal.com.tw
zc@suntal.com.tw
ll@suntal.com.tw
bj@suntal.com.tw
yk@suntal.com.tw
sales@suntal.com.tw
suntal@suntal.com.tw
brian@sagtek.com.tw
cherry@sagtek.com.tw
teresa@sagtek.com.tw
eric@sagtek.com.tw
david@sagtek.com.tw
sagtek@sagtek.com.tw
aaron@sagtek.com.tw
rivers@sagtek.com.tw
amy@frey.com.tw
frey88@frey.com.tw
billy@frey.com.tw
frey888@frey.com.tw
frey@frey.com.tw
alex@frey.com.tw
victor@winstron.com
tony@winstron.com
kay@winstron.com
tina@winstron.com
angela@winstron.com
francis@winstron.com
jack@winstron.com
eric@winstron.com
winstron@winstron.com
samson-metal@samson-metal.com.tw
service@samson-metal.com.tw
jier@samson-metal.com.tw
simon@samson-metal.com.tw
hsiu0516@sunwayfood.com.tw
andrew@sunwayfood.com.tw
lai@sunwayfood.com.tw
tony@sunwayfood.com.tw
jay@sunwayfood.com.tw
shiou@sunwayfood.com.tw
lang@sunwayfood.com.tw
paul@sunwayfood.com.tw
stephen@sunwayfood.com.tw
george@sunwayfood.com.tw
junior@sunwayfood.com.tw
sunwayfood@sunwayfood.com.tw
yuuko@sunwayfood.com.tw
dpeng@rstech.com.tw
tina@rstech.com.tw
michelle@rstech.com.tw
sliang@rstech.com.tw
kevin@rstech.com.tw
vivian@enrichmusic.com.tw
thomas@enrichmusic.com.tw
angel@enrichmusic.com.tw
enrich@enrichmusic.com.tw
dolby@enrichmusic.com.tw
lian@enrichmusic.com.tw
kevin@enrichmusic.com.tw
enrichmusic@enrichmusic.com.tw
reiner@highpull.com.tw
service@highpull.com.tw
antony@highpull.com.tw
jerry@highpull.com.tw
wendy@highpull.com.tw
alex@highpull.com.tw
stanley@highpull.com.tw
housman@highpull.com.tw
annie@highpull.com.tw
edison@highpull.com.tw
highpull@highpull.com.tw
jason@highpull.com.tw
vinson@highpull.com.tw
workmen@workmen.com.tw
esabel@workmen.com.tw
anson1974@workmen.com.tw
jacky@workmen.com.tw
peggy@workmen.com.tw
riva@workmen.com.tw
airplane@workmen.com.tw
guan@workmen.com.tw
workmenks@workmen.com.tw
gobby068@workmen.com.tw
betty@workmen.com.tw
mpowerx5@workmen.com.tw
workmen_ch@workmen.com.tw
christinesun@vietnamairlines.com.tw
feiying@vietnamairlines.com.tw
vietnamairlines@vietnamairlines.com.tw
glp@vietnamairlines.com.tw
spencer@vietnamairlines.com.tw
thaoanh@vietnamairlines.com.tw
airport.tpe@vietnamairlines.com.tw
arwin@vietnamairlines.com.tw
carol@vietnamairlines.com.tw
angel@astrodyne.com.tw
meilin@astrodyne.com.tw
hr@astrodyne.com.tw
mabel@astrodyne.com.tw
vickyro@astrodyne.com.tw
quotes@astrodyne.com.tw
emy@astrodyne.com.tw
erica@astrodyne.com.tw
1202@astrodyne.com.tw
0302@astrodyne.com.tw
1303@astrodyne.com.tw
sam@astrodyne.com.tw
dem@astrodyne.com.tw
ted@astrodyne.com.tw
stella@astrodyne.com.tw
cat@astrodyne.com.tw
webmaster@astrodyne.com.tw
kate@astrodyne.com.tw
ming@astrodyne.com.tw
marketing@astrodyne.com.tw
sales@astrodyne.com.tw
nick@astrodyne.com.tw
tech@astrodyne.com.tw
joan@astrodyne.com.tw
james@astrodyne.com.tw
peter@astrodyne.com.tw
greg@astrodyne.com.tw
kenny@astrodyne.com.tw
andy@astrodyne.com.tw
henry@astrodyne.com.tw
kitty@astrodyne.com.tw
star@astrodyne.com.tw
wanyun@astrodyne.com.tw
erison@astrodyne.com.tw
catalog@astrodyne.com.tw
editor@ctcba.org.tw
k@ctcba.org.tw
ctcba@ctcba.org.tw
hlh@ctcba.org.tw
ibc@ctcba.org.tw
sandy@ctcba.org.tw
sshih@era-tw.com
rhsiao@era-tw.com
tchan@era-tw.com
hchen@era-tw.com
dchen@era-tw.com
cchen@era-tw.com
wchern@era-tw.com
era@era-tw.com
jting@era-tw.com
era-tw@era-tw.com
hweng@era-tw.com
jchuang@era-tw.com
yeh@era-tw.com
cytang@era-tw.com
public@era-tw.com
wcheng@era-tw.com
tlu@era-tw.com
achou@era-tw.com
mhuang@era-tw.com
swhuang@era-tw.com
wyeh@era-tw.com
clin@era-tw.com
sychuang@era-tw.com
pway@era-tw.com
taiwan@era-tw.com
service@regis-tech.com
sam@regis-tech.com
regis-tech@regis-tech.com
regis@regis-tech.com
wayne@regis-tech.com
ethome@ethome.net
admin@ethome.net
service@nobility.com.tw
nobility@nobility.com.tw
frank@comweal.com.tw
donald@comweal.com.tw
vivi@comweal.com.tw
jean@comweal.com.tw
carrie@comweal.com.tw
comweal@comweal.com.tw
cs@vantectw.com
joy@vantectw.com
amy@vantectw.com
erica@vantectw.com
ricky@vantectw.com
emily@vantectw.com
jay@vantectw.com
sally@vantectw.com
tata@vantectw.com
barnett@vantectw.com
king@vantectw.com
paul@vantectw.com
sales@vantectw.com
raymond@vantectw.com
vantectw@vantectw.com
chris@vantectw.com
iren@vantectw.com
luca@vantectw.com
louis@vantectw.com
sandy@vantectw.com
david@vantectw.com
nelson@vantectw.com
yuron@vantectw.com
steven@vantectw.com
cbank@acgf.org.tw
fbank@acgf.org.tw
chulyn@acgf.org.tw
walter@acgf.org.tw
frank@acgf.org.tw
a109@acgf.org.tw
qian0309@acgf.org.tw
hsu@acgf.org.tw
lys@acgf.org.tw
icetommy@acgf.org.tw
morrisfan@acgf.org.tw
a113@acgf.org.tw
eva@acgf.org.tw
w211@acgf.org.tw
tom@acgf.org.tw
kuo@acgf.org.tw
chang@acgf.org.tw
cpl@acgf.org.tw
service@acgf.org.tw
yeh@acgf.org.tw
yao@acgf.org.tw
sherry@acgf.org.tw
vicky@acgf.org.tw
constance@acgf.org.tw
ken@acgf.org.tw
mic@acgf.org.tw
jacobyu@acgf.org.tw
may@acgf.org.tw
oywc@acgf.org.tw
pung@acgf.org.tw
chiu-meiling@acgf.org.tw
anne@acgf.org.tw
jengfeng@acgf.org.tw
pane@acgf.org.tw
ming@acgf.org.tw
ting@acgf.org.tw
ab3352@acgf.org.tw
frency@acgf.org.tw
land@acgf.org.tw
kong@acgf.org.tw
vivi@acgf.org.tw
chel@acgf.org.tw
winer@acgf.org.tw
mail@acgf.org.tw
christine@acgf.org.tw
jack@acgf.org.tw
tuan@acgf.org.tw
acgf@acgf.org.tw
shirley@acgf.org.tw
s340710@acgf.org.tw
snow3136@acgf.org.tw
jessie@acgf.org.tw
judy@acgf.org.tw
jacklee@acgf.org.tw
aids@acgf.org.tw
jen58@acgf.org.tw
jpenguinz@acgf.org.tw
shihchin@acgf.org.tw
cecilia@acgf.org.tw
dannylin@orzmail.idv.tw
michigan@orzmail.idv.tw
orzmail@orzmail.idv.tw
luciusshiu@orzmail.idv.tw
grace.yang@notaire.com.tw
cml@notaire.com.tw
sandy.hu@notaire.com.tw
joann.chen@notaire.com.tw
iris.lee@notaire.com.tw
jifang.chang@notaire.com.tw
notaire@notaire.com.tw
chips@chips.tw
melody.niu@chips.tw
simon.wu@chips.tw
allan@magtekcontrol.com.tw
michael@magtekcontrol.com.tw
vic@magtekcontrol.com.tw
elemagsales@magtekcontrol.com.tw
sales@magtekcontrol.com.tw
magtekcontrol@magtekcontrol.com.tw
amanda@magtekcontrol.com.tw
joyce@magtekcontrol.com.tw
magtek@magtekcontrol.com.tw
kevin@magtekcontrol.com.tw
flexchen@magtekcontrol.com.tw
jessica@worldtech.com.tw
ivylai@worldtech.com.tw
angel@worldtech.com.tw
william@worldtech.com.tw
hyt@worldtech.com.tw
e-how@worldtech.com.tw
gillian@worldtech.com.tw
lillian@worldtech.com.tw
roy@worldtech.com.tw
hsc@worldtech.com.tw
eri@worldtech.com.tw
su-e-e@worldtech.com.tw
eddie@worldtech.com.tw
service@worldtech.com.tw
maggie@worldtech.com.tw
sam@worldtech.com.tw
lio@worldtech.com.tw
jacky@worldtech.com.tw
daphne@worldtech.com.tw
tracy@worldtech.com.tw
kelly@worldtech.com.tw
lisa@worldtech.com.tw
ronald@worldtech.com.tw
fiya@worldtech.com.tw
mark@worldtech.com.tw
teresa@worldtech.com.tw
tami@worldtech.com.tw
bluemaymay@worldtech.com.tw
vivi@worldtech.com.tw
rick@worldtech.com.tw
chris@worldtech.com.tw
shin@worldtech.com.tw
tsao@worldtech.com.tw
nico@worldtech.com.tw
owen@worldtech.com.tw
amanda@worldtech.com.tw
kevin1744@worldtech.com.tw
jerry@worldtech.com.tw
carrie@worldtech.com.tw
andy@worldtech.com.tw
fanny@worldtech.com.tw
jessie@worldtech.com.tw
tommy@worldtech.com.tw
worldtech@worldtech.com.tw
joanne@worldtech.com.tw
george@worldtech.com.tw
hsiung@worldtech.com.tw
wallace@worldtech.com.tw
silvia@worldtech.com.tw
daleyu@worldtech.com.tw
stone@worldtech.com.tw
masterli@worldtech.com.tw
montell@worldtech.com.tw
market@worldtech.com.tw
joyce@worldtech.com.tw
david@worldtech.com.tw
kevin@worldtech.com.tw
jonathan@worldtech.com.tw
susan@worldtech.com.tw
shatin@worldtech.com.tw
amyyeh@worldtech.com.tw
sctech@sctech.com.tw
service123@sctech.com.tw
sctech1@sctech.com.tw
scottliao@hydra.com.tw
hydra@hydra.com.tw
chchao@viewstd.com
viewstd@viewstd.com
grace@viewstd.com
rick@viewstd.com
info@viewstd.com
alexlin@viewstd.com
hsilungtsou@viewstd.com
arc.jacky@viewstd.com
lenspod@lenspod.com
chien@citycase.com.tw
black@citycase.com.tw
angel@citycase.com.tw
cheng@citycase.com.tw
rd@citycase.com.tw
tseng@citycase.com.tw
adahuang@citycase.com.tw
jacky@citycase.com.tw
kate@citycase.com.tw
king@citycase.com.tw
sales@citycase.com.tw
jack@citycase.com.tw
macgyver@citycase.com.tw
wendy@citycase.com.tw
cathy@citycase.com.tw
d29014241@citycase.com.tw
i-wen@citycase.com.tw
jimmy@citycase.com.tw
juju@citycase.com.tw
joyce@citycase.com.tw
monica_chien@citycase.com.tw
citycase@citycase.com.tw
carol@citycase.com.tw
angel@xiertek.com.tw
lsm@xiertek.com.tw
ruru@xiertek.com.tw
lisa@xiertek.com.tw
rita@xiertek.com.tw
aifaye@xiertek.com.tw
james@xiertek.com.tw
jerry@xiertek.com.tw
xiertek@xiertek.com.tw
george@xiertek.com.tw
samuel@xiertek.com.tw
joyce@xiertek.com.tw
twsales@xiertek.com.tw
simon@xiertek.com.tw
yf@protop4me.com.tw
protop4me@protop4me.com.tw
rita@protop4me.com.tw
derrick@protop4me.com.tw
joyce@protop4me.com.tw
jessica@behonest.com.tw
hr@behonest.com.tw
matt@behonest.com.tw
polly@behonest.com.tw
blue@behonest.com.tw
matthew@behonest.com.tw
info@behonest.com.tw
behonest@behonest.com.tw
tymou@behonest.com.tw
sale@behonest.com.tw
alen.huang@behonest.com.tw
shuying@motiontec.com.tw
allen@motiontec.com.tw
dragon@motiontec.com.tw
andy@motiontec.com.tw
thomas@ai-kang.com.tw
ai-kang@ai-kang.com.tw
icome@ai-kang.com.tw
startwin@startwin.com.tw
alan@allied-center.com
allied-center@allied-center.com
artektech@artektech.com
kai.liang@artektech.com
maylin@hongyunn.com.tw
janiceliao@hongyunn.com.tw
aventeyang@hongyunn.com.tw
kimchang@hongyunn.com.tw
sugartang@hongyunn.com.tw
sandracheng@hongyunn.com.tw
shirleyteng@hongyunn.com.tw
hongyunn@hongyunn.com.tw
jessicalin@hongyunn.com.tw
lucywang@hongyunn.com.tw
dennislui@hongyunn.com.tw
cindyou@hongyunn.com.tw
peterpen@hongyunn.com.tw
cliffchen@chia-hsin.com
shulin@chia-hsin.com
bradychen@chia-hsin.com
stellahuang@chia-hsin.com
jenlin@chia-hsin.com
kittytung@chia-hsin.com
b020949@chia-hsin.com
b020959@chia-hsin.com
amylin@chia-hsin.com
kayhuang@chia-hsin.com
vincenttsai@chia-hsin.com
lynnyu@chia-hsin.com
b020958@chia-hsin.com
irischen@chia-hsin.com
whitneychen@chia-hsin.com
claudiaya@chia-hsin.com
service@chia-hsin.com
mandychan@chia-hsin.com
nickytsai@chia-hsin.com
wenlee@chia-hsin.com
account@chia-hsin.com
tommychou@chia-hsin.com
skyhuang@chia-hsin.com
unachen@chia-hsin.com
julianfu@chia-hsin.com
andyyang@chia-hsin.com
ginohsu@chia-hsin.com
karenli@chia-hsin.com
evansliu@chia-hsin.com
anthonychen@chia-hsin.com
bonus@chia-hsin.com
kevinsu@chia-hsin.com
stanleychen@chia-hsin.com
b020961@chia-hsin.com
b020971@chia-hsin.com
mandychang@chia-hsin.com
sofialiu@chia-hsin.com
brendaliu@chia-hsin.com
b020960@chia-hsin.com
b020970@chia-hsin.com
b020950@chia-hsin.com
storehouse@chia-hsin.com
b020973@chia-hsin.com
b020953@chia-hsin.com
b020083@chia-hsin.com
wangshungting@chia-hsin.com
returngoods@chia-hsin.com
trainingcenter@chia-hsin.com
b020972@chia-hsin.com
b020962@chia-hsin.com
peteryang@chia-hsin.com
bullyang@chia-hsin.com
fantasychen@chia-hsin.com
casecenter@chia-hsin.com
annliu@chia-hsin.com
shulingwu@chia-hsin.com
rubylin@chia-hsin.com
b020965@chia-hsin.com
chia-hsin@chia-hsin.com
louisaliu@chia-hsin.com
b020954@chia-hsin.com
b020964@chia-hsin.com
kevinhsu@chia-hsin.com
b020974@chia-hsin.com
annehu@chia-hsin.com
grclinhuang@chia-hsin.com
yvonnechang@chia-hsin.com
incomecenter@chia-hsin.com
b020967@chia-hsin.com
jeanlin@chia-hsin.com
rogercheng@chia-hsin.com
ritahsu@chia-hsin.com
b020956@chia-hsin.com
b020966@chia-hsin.com
ramscend@ramscend.com.tw
taina@fijittro.org.tw
julie@fijittro.org.tw
fiji@fijittro.org.tw
james@fijittro.org.tw
alex@fijittro.org.tw
joyce@fijittro.org.tw
aaron@fijittro.org.tw
fijittro@fijittro.org.tw
service@naycherng.com.tw
yang@naycherng.com.tw
naycherng@naycherng.com.tw
infotec@infotec.com.tw
william@infotec.com.tw
alice@infotec.com.tw
freda@infotec.com.tw
service@infotec.com.tw
claire@infotec.com.tw
jenlin@konlin.com.tw
konlin@konlin.com.tw
kaede@konlin.com.tw
gorden@konlin.com.tw
elaine@konlin.com.tw
sam@konlin.com.tw
tim@konlin.com.tw
meggy@konlin.com.tw
jau@konlin.com.tw
karlking@konlin.com.tw
tina@konlin.com.tw
chris@konlin.com.tw
wilson@konlin.com.tw
sales@fabric999-hsh.com
fabric999-hsh@fabric999-hsh.com
inkcom@inkcom.com.tw
service@inkcom.com.tw
sales@inkcom.com.tw
mark.huang@dooleyinternational.com
bryan.lo@dooleyinternational.com
charles.yang@dooleyinternational.com
info@dooleyinternational.com
peter.griffith@dooleyinternational.com
dooleyinternational@dooleyinternational.com
jiannder@jiannder.com.tw
jiannder2@jiannder.com.tw
info@plusin.com
phshu@plusin.com
mandy@plusin.com
samuel@plusin.com
plusin@plusin.com
china@lavita.com.tw
service@lavita.com.tw
alb@lavita.com.tw
tiya@lavita.com.tw
lavita@lavita.com.tw
krissy@lavita.com.tw
smart@lavita.com.tw
fian@lavita.com.tw
eric@lavita.com.tw
taiwan@lavita.com.tw
eallin_huang@angleton.com.tw
willie_chang@angleton.com.tw
emily_hu@angleton.com.tw
angleton@angleton.com.tw
wenhung_chen@angleton.com.tw
alumi_lu@angleton.com.tw
sales@angleton.com.tw
kevin_hsu@angleton.com.tw
dan_chung@angleton.com.tw
robin_huang@angleton.com.tw
edward_ko@angleton.com.tw
winner_lin@angleton.com.tw
samuel@angleton.com.tw
angel_tng@angleton.com.tw
taku_chiou@angleton.com.tw
frank_wu@angleton.com.tw
monica_chen@angleton.com.tw
ellen@hpctaiwan.com.tw
hpctaiwan@hpctaiwan.com.tw
samuel@hpctaiwan.com.tw
standly@hpctaiwan.com.tw
hpc_sales@hpctaiwan.com.tw
joyce@hpctaiwan.com.tw
kevin@hpctaiwan.com.tw
kp@key-point.com.tw
543@key-point.com.tw
amy@key-point.com.tw
pp0939656532@key-point.com.tw
jenny@key-point.com.tw
key-point@key-point.com.tw
funrei@key-point.com.tw
eng1@surtecpm.com.tw
joe@surtecpm.com.tw
eng2@surtecpm.com.tw
khl@surtecpm.com.tw
mary@surtecpm.com.tw
max@surtecpm.com.tw
nono@surtecpm.com.tw
bill@surtecpm.com.tw
john@surtecpm.com.tw
peter@surtecpm.com.tw
buyer@surtecpm.com.tw
jeff@surtecpm.com.tw
power@surtecpm.com.tw
bear@surtecpm.com.tw
surtecpm@surtecpm.com.tw
dennis_kuo@optivu.com.tw
jane_cheng@optivu.com.tw
optivu_service@optivu.com.tw
jacky_chiu@optivu.com.tw
eric_lin@optivu.com.tw
ken_cheng@optivu.com.tw
vivian_chen@optivu.com.tw
wesley_lin@optivu.com.tw
optivu@optivu.com.tw
keela@bodywave.com.tw
bodywave@bodywave.com.tw
max@bodywave.com.tw
elan@bodywave.com.tw
miramar@bodywave.com.tw
wayne@bodywave.com.tw
martin@bodywave.com.tw
carol@bodywave.com.tw
fredaho@iptec.com.tw
waynekuo@iptec.com.tw
maylin@iptec.com.tw
kirbylin@iptec.com.tw
mandylin@iptec.com.tw
mattsu@iptec.com.tw
service@iptec.com.tw
williamchen@iptec.com.tw
angelachang@iptec.com.tw
sabrinalee@iptec.com.tw
kaiwu@iptec.com.tw
marketing@iptec.com.tw
richardyang@iptec.com.tw
anniechang@iptec.com.tw
teresayang@iptec.com.tw
evelynhua@iptec.com.tw
ericchuang@iptec.com.tw
phoebeyu@iptec.com.tw
alexkuo@iptec.com.tw
brianfang@iptec.com.tw
rogerkang@iptec.com.tw
anniewu@iptec.com.tw
jacktau@iptec.com.tw
stevenchuang@iptec.com.tw
clintdeng@iptec.com.tw
johannawu@iptec.com.tw
phoebefan@iptec.com.tw
iptec@iptec.com.tw
kevinlee@iptec.com.tw
doralee@iptec.com.tw
edwardchung@iptec.com.tw
ariel@stanley-tpe.com.tw
amy@stanley-tpe.com.tw
ken@stanley-tpe.com.tw
kelly@stanley-tpe.com.tw
chris@stanley-tpe.com.tw
chen@stanley-tpe.com.tw
yvonne@stanley-tpe.com.tw
wada@stanley-tpe.com.tw
kathy@stanley-tpe.com.tw
fanny@stanley-tpe.com.tw
kaku@stanley-tpe.com.tw
stanley-tpe@stanley-tpe.com.tw
set-sales@stanley-tpe.com.tw
hikaru@stanley-tpe.com.tw
olivekuo@carmen.com.tw
steve@carmen.com.tw
service@carmen.com.tw
katy@carmen.com.tw
jennifer@carmen.com.tw
chad@carmen.com.tw
carmen@carmen.com.tw
mirror@alphamoon.com.tw
is@alphamoon.com.tw
julian@alphamoon.com.tw
china@alphamoon.com.tw
service@alphamoon.com.tw
jackie@alphamoon.com.tw
propagation@alphamoon.com.tw
marketing@alphamoon.com.tw
alphamoon@alphamoon.com.tw
christina@alphamoon.com.tw
peter@alphamoon.com.tw
customer@alphamoon.com.tw
fanny@alphamoon.com.tw
human@alphamoon.com.tw
corinachen@soezco.com.tw
soezco@soezco.com.tw
sitc@teppro.com.tw
gitc@teppro.com.tw
citc@teppro.com.tw
teresa@teppro.com.tw
jack@teppro.com.tw
danny@teppro.com.tw
judy@teppro.com.tw
teppro@teppro.com.tw
jowen@teppro.com.tw
vivian@nettek.cc
gary@nettek.cc
nettek@nettek.cc
allen@asdtw.com
tliao@asdtw.com
echan@asdtw.com
lwu@asdtw.com
asdtw@asdtw.com
dchang@asdtw.com
slin@asdtw.com
jlai@asdtw.com
fpan@asdtw.com
alee@asdtw.com
stephen@asdtw.com
anne@evitak.cc
sales@evitak.cc
eric@evitak.cc
evitak@evitak.cc
gtctw@gtctw.com
sales@gtctw.com
info@gtctw.com
nicole@gtctw.com
cynthia@cnksipt.com
cnksipt@cnksipt.com
yossy@cnksipt.com
stanley@cnksipt.com
vivian@mail.jsl.com.tw
kikii@mail.jsl.com.tw
teiaki@mail.jsl.com.tw
love-pink@mail.jsl.com.tw
nanako@mail.jsl.com.tw
grace@mail.jsl.com.tw
joy@mail.jsl.com.tw
amy@mail.jsl.com.tw
ivy@mail.jsl.com.tw
tsc@mail.jsl.com.tw
eva@mail.jsl.com.tw
chang@mail.jsl.com.tw
jsl@mail.jsl.com.tw
service@mail.jsl.com.tw
jsm@mail.jsl.com.tw
queena@mail.jsl.com.tw
cherry@mail.jsl.com.tw
vicky@mail.jsl.com.tw
fen@mail.jsl.com.tw
jeany@mail.jsl.com.tw
way@mail.jsl.com.tw
skt@mail.jsl.com.tw
rosa@mail.jsl.com.tw
chyang@mail.jsl.com.tw
cash@mail.jsl.com.tw
jack@mail.jsl.com.tw
john@mail.jsl.com.tw
sean@mail.jsl.com.tw
jenny@mail.jsl.com.tw
char@mail.jsl.com.tw
richard@mail.jsl.com.tw
robert@mail.jsl.com.tw
anita.kao@mail.jsl.com.tw
ahawei@mail.jsl.com.tw
news02@wakeocean.com
achen@wakeocean.com
news03@wakeocean.com
news10@wakeocean.com
news01@wakeocean.com
news11@wakeocean.com
rwu@wakeocean.com
news06@wakeocean.com
news07@wakeocean.com
news04@wakeocean.com
news05@wakeocean.com
rho@wakeocean.com
bho@wakeocean.com
news08@wakeocean.com
dlu@wakeocean.com
news09@wakeocean.com
pchang@wakeocean.com
wakeocean@wakeocean.com
pkung@wakeocean.com
angel@mega-force.com.tw
jfchen@mega-force.com.tw
alice@mega-force.com.tw
mega-force@mega-force.com.tw
ivy@mega-force.com.tw
michael@mega-force.com.tw
ya-fen@mega-force.com.tw
yuki@mega-force.com.tw
jack@mega-force.com.tw
robert@mega-force.com.tw
yu@shinkin.com.tw
su@shinkin.com.tw
ch@shinkin.com.tw
chou@shinkin.com.tw
lee@shinkin.com.tw
biz@shinkin.com.tw
skqc@shinkin.com.tw
jane@shinkin.com.tw
work@shinkin.com.tw
cindy@shinkin.com.tw
yfcheng@shinkin.com.tw
joyce@shinkin.com.tw
shinkin@shinkin.com.tw
kitai@shinkin.com.tw
carol@shinkin.com.tw
purchase@shinkin.com.tw
michael@shred-et.com
service@shred-et.com
sales@shred-et.com
shred-et@shred-et.com
personnel@shred-et.com
allen@rcsacorp.com.tw
master@rcsacorp.com.tw
hr@rcsacorp.com.tw
rcsacorp@rcsacorp.com.tw
steve@rcsacorp.com.tw
doris@rcsacorp.com.tw
info@rcsacorp.com.tw
yvonne@rcsacorp.com.tw
mavis@rcsacorp.com.tw
yolanda@rcsacorp.com.tw
tammy@rcsacorp.com.tw
richard@rcsacorp.com.tw
karen@rcsacorp.com.tw
accesspro@accesspro.com.tw
allen@accesspro.com.tw
ap@accesspro.com.tw
pm@accesspro.com.tw
hou@accesspro.com.tw
erica@accesspro.com.tw
eva@accesspro.com.tw
service@accesspro.com.tw
vicky@accesspro.com.tw
leolee@accesspro.com.tw
stacy@accesspro.com.tw
xina@accesspro.com.tw
tina@accesspro.com.tw
sales@accesspro.com.tw
info@accesspro.com.tw
shipping@accesspro.com.tw
jerry@accesspro.com.tw
brenda@accesspro.com.tw
sunny@accesspro.com.tw
vivihsu@accesspro.com.tw
vanessa@accesspro.com.tw
maxchou@accesspro.com.tw
laura@accesspro.com.tw
lilian@prime.com.tw
support@prime.com.tw
prime@prime.com.tw
service@prime.com.tw
logistic1@prime.com.tw
logistic@prime.com.tw
sales@prime.com.tw
richard@prime.com.tw
kc@pnm.com.tw
pnm@pnm.com.tw
jysu@pnm.com.tw
jackie@pnm.com.tw
rose@pnm.com.tw
pnm99@pnm.com.tw
nancy.wen@merita.com.tw
merita@merita.com.tw
elena.wen@merita.com.tw
sean.wen@merita.com.tw
john.wen@merita.com.tw
wintex@wintex.biz
joan.lee@wintex.biz
tinglin.chen@wintex.biz
if@ifmode.com
ifmode@ifmode.com
cylin@eid.com.tw
cjwu@eid.com.tw
eid@eid.com.tw
jessielin@eid.com.tw
angel@tronlink.com.tw
rd5@tronlink.com.tw
jackson@tronlink.com.tw
lichuan@tronlink.com.tw
pameli@tronlink.com.tw
eagle@tronlink.com.tw
lsy@tronlink.com.tw
amy@tronlink.com.tw
tronlink@tronlink.com.tw
zxg@tronlink.com.tw
isaac@tronlink.com.tw
sml@tronlink.com.tw
jui@tronlink.com.tw
mei@tronlink.com.tw
lai@tronlink.com.tw
dabby@tronlink.com.tw
willie@tronlink.com.tw
vic@tronlink.com.tw
zhf@tronlink.com.tw
ted@tronlink.com.tw
shelley@tronlink.com.tw
jr.lin@tronlink.com.tw
anne@tronlink.com.tw
ying@tronlink.com.tw
paul@tronlink.com.tw
lank@tronlink.com.tw
annyta@tronlink.com.tw
nicole@tronlink.com.tw
franklee@tronlink.com.tw
fuliang@tronlink.com.tw
lihger@tronlink.com.tw
jason@tronlink.com.tw
voc@voc.com.tw
allen@tld.com.tw
amy@tld.com.tw
service@tld.com.tw
tld@tld.com.tw
acc@tld.com.tw
assis@tld.com.tw
mandy@tld.com.tw
sales8@tld.com.tw
sales9@tld.com.tw
pro2@tld.com.tw
ass1@tld.com.tw
sales10@tld.com.tw
sales5@tld.com.tw
sales6@tld.com.tw
simon@tld.com.tw
martin@tld.com.tw
sales3@tld.com.tw
pc@amitec.com.tw
jacky@amitec.com.tw
willy@amitec.com.tw
enjoy@amitec.com.tw
benny_hsieh@amitec.com.tw
cloudia@amitec.com.tw
tiffany@amitec.com.tw
james_yao@amitec.com.tw
chen@amitec.com.tw
amitec@amitec.com.tw
shelly@amitec.com.tw
patrick@amitec.com.tw
joanne@amitec.com.tw
vincent@amitec.com.tw
jesse@amitec.com.tw
annie@amitec.com.tw
samson@amitec.com.tw
susan@amitec.com.tw
sharon@amitec.com.tw
steven@jshouse.idv.tw
admin@jshouse.idv.tw
nichin@asiagen.com.tw
williamwu@asiagen.com.tw
asiagen@asiagen.com.tw
evelyn@asiagen.com.tw
shuhui@asiagen.com.tw
manjunathsr@asiagen.com.tw
shuzhen6853@asiagen.com.tw
choucs@asiagen.com.tw
service@asiagen.com.tw
lin@asiagen.com.tw
tony@asiagen.com.tw
hsungchi@asiagen.com.tw
tina@asiagen.com.tw
vinc@asiagen.com.tw
yiyangsayion@asiagen.com.tw
chang_jiun_li@asiagen.com.tw
lm6013@asiagen.com.tw
ying@asiagen.com.tw
arhat@asiagen.com.tw
ginnlung@asiagen.com.tw
john@asiagen.com.tw
myeloma@asiagen.com.tw
james@asiagen.com.tw
lili@asiagen.com.tw
yenling@asiagen.com.tw
rogerwu@asiagen.com.tw
sunny@asiagen.com.tw
mouse@asiagen.com.tw
johnson@asiagen.com.tw
avqgxc6@asiagen.com.tw
ericwang@asiagen.com.tw
grace@mtrend.com.tw
ccwu@mtrend.com.tw
jacky@mtrend.com.tw
ray@mtrend.com.tw
janice@mtrend.com.tw
hades@mtrend.com.tw
pchsu@mtrend.com.tw
jang@mtrend.com.tw
kristy@mtrend.com.tw
mtrend@mtrend.com.tw
james@mtrend.com.tw
jeff@mtrend.com.tw
henry@mtrend.com.tw
stephen@mtrend.com.tw
bruce@mtrend.com.tw
ck2ray@etake.com.tw
etake@etake.com.tw
irene@etake.com.tw
leo@etake.com.tw
emily@etake.com.tw
dick@etake.com.tw
neil@etake.com.tw
peter@etake.com.tw
wenny@etake.com.tw
andy@etake.com.tw
judy@etake.com.tw
wesley@etake.com.tw
bruce@etake.com.tw
watson@etake.com.tw
carol@etake.com.tw
yin@gianteec.com.tw
emily@gianteec.com.tw
tang@gianteec.com.tw
kate@gianteec.com.tw
gianteec@gianteec.com.tw
ping@gianteec.com.tw
jameschen@exartech.com.tw
shawn@exartech.com.tw
dennis@exartech.com.tw
gordon@exartech.com.tw
davidh@exartech.com.tw
joe@exartech.com.tw
eva@exartech.com.tw
charlene@exartech.com.tw
support@exartech.com.tw
wooden@exartech.com.tw
jeffer_xu@exartech.com.tw
ken@exartech.com.tw
amos@exartech.com.tw
ada@exartech.com.tw
may@exartech.com.tw
lawrence@exartech.com.tw
musician@exartech.com.tw
tina@exartech.com.tw
intl@exartech.com.tw
spring@exartech.com.tw
jennifer@exartech.com.tw
exartech@exartech.com.tw
alan@exartech.com.tw
james@exartech.com.tw
terry@exartech.com.tw
andy@exartech.com.tw
alfred@exartech.com.tw
george@exartech.com.tw
luckysun@exartech.com.tw
yaona@exartech.com.tw
wayne@exartech.com.tw
senthil@exartech.com.tw
jorin@exartech.com.tw
jamin@exartech.com.tw
marco@exartech.com.tw
justine@bridgeone.net
frank@bridgeone.net
danny.hsiao@bridgeone.net
irene@bridgeone.net
bob@bridgeone.net
service@bridgeone.net
tim@bridgeone.net
bridgeone@bridgeone.net
ivan@bridgeone.net
sean@bridgeone.net
tammy@bridgeone.net
cindy@bridgeone.net
vincent@bridgeone.net
stanlylee@bridgeone.net
andy.weng@bridgeone.net
mike_liao@power-tech.biz
wendy_wen@power-tech.biz
neilson_tang@power-tech.biz
judy_su@power-tech.biz
power-tech@power-tech.biz
feleen_w@power-tech.biz
mike@power-tech.biz
hr@crowneplaza-taipei.com
pr@crowneplaza-taipei.com
gm@crowneplaza-taipei.com
salesovs@crowneplaza-taipei.com
marcom@crowneplaza-taipei.com
jewel.huang@crowneplaza-taipei.com
laura.chen@crowneplaza-taipei.com
f-b@crowneplaza-taipei.com
cost@crowneplaza-taipei.com
crowneplaza-taipei@crowneplaza-taipei.com
bonnie.hung@crowneplaza-taipei.com
rebar@crowneplaza-taipei.com
sales@crowneplaza-taipei.com
food-rsvn@crowneplaza-taipei.com
roger.wu@crowneplaza-taipei.com
kuohuiyu@crowneplaza-taipei.com
helen.yuan@crowneplaza-taipei.com
room-rsvn@crowneplaza-taipei.com
sales5@crowneplaza-taipei.com
sales6@crowneplaza-taipei.com
mason@crowneplaza-taipei.com
sales3@crowneplaza-taipei.com
daniellu@eastek.com.tw
edhuang@eastek.com.tw
se.tech@eastek.com.tw
jim@eastek.com.tw
peggy@eastek.com.tw
dennywu@eastek.com.tw
kay@eastek.com.tw
carlyang@eastek.com.tw
ming@eastek.com.tw
evan@eastek.com.tw
jeff@eastek.com.tw
mike@eastek.com.tw
sumer@eastek.com.tw
fancy@eastek.com.tw
lucy@eastek.com.tw
scottlin@eastek.com.tw
judy@eastek.com.tw
wayne@eastek.com.tw
eastek@eastek.com.tw
kevin@eastek.com.tw
alston@eastek.com.tw
mikechao@eastek.com.tw
susan@eastek.com.tw
service@ctba.org.tw
ctba@ctba.org.tw
ykchen@kdi.com.tw
mitchell@kdi.com.tw
irene@kdi.com.tw
kdi@kdi.com.tw
fang@kdi.com.tw
training@kdi.com.tw
cservice@kdi.com.tw
product@kdi.com.tw
richard@kdi.com.tw
jason@kdi.com.tw
vc_site@edg.com.tw
andrew_chen@edg.com.tw
vincent_kao@edg.com.tw
christine_lee@edg.com.tw
edgadm@edg.com.tw
vincent_ham@edg.com.tw
reuben_chen@edg.com.tw
edg@edg.com.tw
alison_hsieh@edg.com.tw
juilin_chang@edg.com.tw
emily_wang@edg.com.tw
evelyn_kuo@edg.com.tw
vc_tpe@edg.com.tw
michael_huang@edg.com.tw
flora_chou@edg.com.tw
lilian_lien@edg.com.tw
vivian_chien@edg.com.tw
jason_3t@edg.com.tw
cecily_chou@edg.com.tw
soccer@edg.com.tw
construction@edg.com.tw
james_hung@edg.com.tw
kansin@edg.com.tw
jacky_liu@edg.com.tw
desmand_chou@edg.com.tw
charlene_chung@edg.com.tw
a1028@neostones.com.tw
a1001@neostones.com.tw
a1031@neostones.com.tw
neostones@neostones.com.tw
a4006@neostones.com.tw
a1007@neostones.com.tw
a2027@neostones.com.tw
waylon@lma.com.tw
steve@lma.com.tw
lma@lma.com.tw
ann@lma.com.tw
jenny@lma.com.tw
danny@lma.com.tw
nicole@lma.com.tw
silvia@lma.com.tw
fsk2002@fsk2002.com.tw
service@fsk2002.com.tw
amy@wensong.com.tw
test@wensong.com.tw
wensong@wensong.com.tw
sales@wensong.com.tw
jeanpaul@wensong.com.tw
akcool0520@wensong.com.tw
art@foodnews.com.tw
rouhlan@foodnews.com.tw
julian@foodnews.com.tw
ching@foodnews.com.tw
foodnews@foodnews.com.tw
taffy@foodnews.com.tw
vincent@foodnews.com.tw
susan.wang@foodnews.com.tw
yu-tsing@yu-tsing.com
ann@yu-tsing.com
johnny@yu-tsing.com
gloria@yu-tsing.com
